{
    "abbasid caliphate": "الدولة العباسية",
    "abdera": "أبديرة",
    "abia state": "ولاية أبيا",
    "abkhazia": "أبخازيا",
    "abu dhabi emirate": "إمارة أبوظبي",
    "abyssinia": "إمبراطورية إثيوبيا",
    "aceh sultanate": "سلطنة آتشيه",
    "achaemenid empire": "أخمينيون",
    "acre": "أكري",
    "adamawa state": "ولاية آدماوة",
    "aden protectorate": "محمية عدن",
    "aden": "عدن",
    "adiabene": "حدياب",
    "afghanistan": "أفغانستان",
    "ag qoyunlu": "آق قويونلو",
    "aghlabids": "أغالبة",
    "agisymba": "أجيسمبا",
    "aguascalientes": "ولاية اغواسكالينتس",
    "ajman emirate": "عجمان",
    "ajuuraan state": "سلطنة أجوران",
    "akkadian empire": "أكد",
    "akwa ibom state": "ولاية اكوا ايبوم",
    "al jazirah": "الجزيرة",
    "al qadarif": "القضارف",
    "al-dhubi": "مشيخة الضبي",
    "al-ándalus": "الأندلس",
    "alabama": "ألاباما",
    "alagoas": "ألاغواس",
    "alash autonomy": "ألش الاستقلالية",
    "alaska": "ألاسكا",
    "alawi": "مشيخة العلوي",
    "alawite state": "دولة جبل العلويين",
    "albania": "ألبانيا",
    "albanian kingdom": "المملكة الألبانية",
    "albanian republic": "الجمهورية الألبانية",
    "algeria": "الجزائر",
    "all-palestine government": "حكومة عموم فلسطين",
    "almohad": "الموحدون",
    "almoravid dynasty": "المرابطون",
    "alodia": "مملكة علوة",
    "altai krai": "ألطاي كراي",
    "altai republic": "جمهورية ألطاي",
    "amapá": "أمابا",
    "amazonas": "الأمازون",
    "ammon": "عمونيون",
    "amur oblast": "أمور أوبلاست",
    "amurru kingdom": "مملكة أمورو",
    "anambra state": "ولاية أنمبرة",
    "ancient carthage": "حضارة قرطاجية",
    "ancient egypt": "مصر القديمة",
    "ancient greece": "اليونان القديمة",
    "ancient rome": "روما القديمة",
    "anconine republic": "جمهورية أنكونين",
    "andaman and nicobar islands": "جزر أندمان ونيكوبار",
    "andhra pradesh": "أندرا برديش",
    "andorra": "أندورا",
    "anglo-egyptian sudan": "السودان المصري الإنجليزي",
    "angola": "أنغولا",
    "anhalt-bernburg": "إمارة أنهالت برنبورغ",
    "anhalt-dessau": "أنهالت دساو",
    "anhalt-köthen": "أنهالت كوتن",
    "anjou": "أنجو",
    "antigua and barbuda": "أنتيغوا وباربودا",
    "anzoátegui": "ولاية أنزواتغي",
    "apure": "ولاية أبوري",
    "aqrabi": "مشيخة العقربي",
    "arab federation": "الاتحاد العربي",
    "arab islamic republic": "الجمهورية العربية الإسلامية",
    "arab world": "الوطن العربي",
    "arabian peninsula": "شبه الجزيرة العربية",
    "aragua": "ولاية آراغوآ",
    "aram-damascus": "آرام دمشق",
    "archduchy of austria": "أرشدوقية النمسا",
    "ardalan": "أردلانيون",
    "argentina": "الأرجنتين",
    "argentine confederation": "الكونفدرالية الأرجنتينية",
    "arizona": "أريزونا",
    "arkansas": "أركنساس",
    "arkhangelsk oblast": "أرخانجيلسك أوبلاست",
    "armenia": "أرمينيا",
    "armenian soviet socialist republic": "جمهورية أرمينيا السوفيتية الاشتراكية",
    "artsakh": "أرتساخ",
    "aruba": "أروبا",
    "arunachal pradesh": "أروناجل برديش",
    "ascra": "أسكري",
    "asgardia": "مملكة أسجارديا الفضائية",
    "ashanti empire": "إمبراطورية آشانتي",
    "assam": "أسام",
    "assyria": "آشور",
    "astrakhan khanate": "خانية أستراخان",
    "astrakhan oblast": "أوبلاست أستراخان",
    "atropatene": "أتروباتين",
    "audhali": "سلطنة العوذلي",
    "aussa sultanate": "عفر",
    "australia": "أستراليا",
    "austrasia": "أوستراسيا",
    "austria": "النمسا",
    "austria-hungary": "الإمبراطورية النمساوية المجرية",
    "austriahungary": "الإمبراطورية النمساوية المجرية",
    "austrian empire": "الإمبراطورية النمساوية",
    "austrian littoral": "الساحل النمساوي",
    "austrian netherlands": "الأراضي المنخفضة النمساوية",
    "autonomous province of western bosnia": "مقاطعة غرب البوسنة المستقلة",
    "autonomous republic of northern epirus": "جمهورية إبيروس الشمالية",
    "ayutthaya kingdom": "مملكة أيوثايا",
    "ayyubid dynasty": "الدولة الأيوبية",
    "azawad": "أزواد",
    "azerbaijan people's government": "جمهورية أذربيجان الشعبية",
    "azerbaijan soviet socialist republic": "الجمهورية الأذرية السوفيتية الاشتراكية",
    "azerbaijan": "أذربيجان",
    "baban": "بابانيون",
    "babylon": "بابل",
    "babylonia": "بلاد بابل",
    "baden": "بادن",
    "baden-württemberg": "بادن-فورتمبيرغ",
    "baekje": "مملكة بايكتشي",
    "bagan": "باغان",
    "bahia": "باهيا",
    "bahmani sultanate": "بهمنيون",
    "bahrain": "البحرين",
    "baja california sur": "ولاية باخا كاليفورنيا سور",
    "baja california": "ولاية باها كاليفورنيا",
    "balhae": "بالهاي",
    "bangladesh": "بنغلاديش",
    "banten sultanate": "سلطنة بنتن",
    "barangay": "برنجيه",
    "barbados": "بربادوس",
    "barbary coast": "الساحل البربري",
    "barinas": "ولاية باريناس",
    "basutoland": "باسوتولاند",
    "batavian republic": "الجمهورية الباتافية",
    "bauchi state": "ولاية باوتشي",
    "bavaria": "بافاريا",
    "bayelsa state": "ولاية بايلسا",
    "belarus": "روسيا البيضاء",
    "belarusian people's republic": "جمهورية بيلاروسيا الشعبية",
    "belgium": "بلجيكا",
    "belgorod oblast": "أوبلاست بيلغورود",
    "belize": "بليز",
    "bengal": "بنغال",
    "benin empire": "إمبراطورية بنين",
    "benin": "بنين",
    "benue state": "ولاية بينو",
    "berlin": "برلين",
    "beylik of teke": "بنو تكة",
    "bhutan": "بوتان",
    "biafra": "بيافرا",
    "bihar": "بيهار",
    "bijapur sultanate": "العادل شاهية",
    "bima sultanate": "سلطنة بيما",
    "bit bahiani": "مملكة بخياني",
    "bithynia": "بيثينيا",
    "blue nile": "النيل الأزرق",
    "bolivia": "بوليفيا",
    "bolívar": "ولاية بوليفار",
    "bophuthatswana": "بوبوتتسوانا",
    "borno state": "ولاية بورنو",
    "bornu empire": "إمبراطورية برنو",
    "borovo selo killings": "معركة بوروفو سيلو",
    "bosnia and herzegovina": "البوسنة والهرسك",
    "bosporan kingdom": "مملكة بوسبوران",
    "botswana": "بوتسوانا",
    "bourbon restoration": "استعادة بوربون",
    "brandenburg": "براندنبورغ",
    "brandenburg-prussia": "براندنبورغ بروسيا",
    "brazil": "البرازيل",
    "bremen (state)": "ولاية بريمن",
    "british cyprus": "قبرص البريطانية",
    "british empire": "الإمبراطورية البريطانية",
    "british north america": "أمريكا الشمالية البريطانية",
    "british somaliland": "الصومال البريطاني",
    "brunei": "بروناي",
    "bruneian empire": "إمبراطورية بروناي",
    "bryansk oblast": "بريانسك أوبلاست",
    "bukharan people's soviet republic": "جمهورية بخارى الشعبية السوفيتية",
    "bulgaria": "بلغاريا",
    "burgenland": "بورغنلاند",
    "burgundian netherlands": "الأراضي المنخفضة البورغندية",
    "burkina faso": "بوركينا فاسو",
    "burundi": "بوروندي",
    "buryat republic": "بورياتيا",
    "buyeo kingdom": "بيو",
    "buyid dynasty": "بويهيون",
    "byelorussian soviet socialist republic": "جمهورية بيلاروس السوفيتية الاشتراكية",
    "byeonhan confederacy": "كونفدرالية بيونهان",
    "byzantine empire": "الإمبراطورية البيزنطية",
    "cai": "ولاية تساي",
    "california republic": "جمهورية كاليفورنيا",
    "california": "كاليفورنيا",
    "caliphate of córdoba": "الدولة الأموية في الأندلس",
    "cambodia": "كمبوديا",
    "cameroon": "الكاميرون",
    "campeche": "ولاية كامبيتشي",
    "canada west": "مقاطعة كندا",
    "canada": "كندا",
    "cao wei": "مملكة واي",
    "cao": "ولاية تساو",
    "cape colony": "مستعمرة كيب",
    "cape verde": "الرأس الأخضر",
    "carabobo": "كارابوبو",
    "carchemish": "كركميش",
    "carinthia": "كيرنتن",
    "carolingian empire": "الإمبراطورية الكارولنجية",
    "carpathian ruthenia": "روثينيا الكارباتية",
    "carpatho-ukraine": "أوكرانيا الكارباتية",
    "carthage": "قرطاج",
    "caucasian albania": "ألبانيا القوقازية",
    "ceará": "سيارا",
    "central african empire": "إمبراطورية إفريقيا الوسطى",
    "central african republic": "جمهورية إفريقيا الوسطى",
    "central darfur": "وسط دار فور",
    "central equatoria": "وسط الاستوائية",
    "chad": "تشاد",
    "chagatai khanate": "جاغاطاي",
    "chalukya dynasty": "سلالة تشالوكيا",
    "champa": "تشامبا",
    "chandigarh": "شانديغار",
    "characene": "مملكة ميسان",
    "chechen republic of ichkeria": "جمهورية الشيشان إشكيريا",
    "chechen republic": "الشيشان",
    "chelyabinsk oblast": "أوبلاست تشيليابنسك",
    "chen": "تشن",
    "chera dynasty": "سلالة تشيرا الحاكمة",
    "chhattisgarh": "تشاتيسغار",
    "chiapas": "تشياباس",
    "chihuahua": "ولاية شيواوا",
    "chile": "تشيلي",
    "chita oblast": "تشيتا أوبلاست",
    "chola dynasty": "سلالة تشولا الحاكمة",
    "chola empire": "سلالة تشولا الحاكمة",
    "christiania": "كريستيانيا البلدة الحرة",
    "chu": "ولاية تشو",
    "chukotka autonomous okrug": "أوكروغ تشوكوتكا الذاتية",
    "chuvash republic": "تشوفاشيا",
    "cidade": "قائمة مدن البرتغال",
    "cirebon sultanate": "سلطنة سيريبون",
    "cisalpine republic": "الجمهورية الألبية",
    "ciskei": "سيسكي",
    "classical athens": "أثينا الكلاسيكية",
    "coahuila": "ولاية كواهويلا",
    "coalition provisional authority": "سلطة الائتلاف المؤقتة",
    "cojedes": "كويديس",
    "colchis": "كولخيس",
    "colima": "ولاية كوليما",
    "colombia": "كولومبيا",
    "colony and protectorate of nigeria": "المستعمرة النيجيرية",
    "colony of aden": "مستعمرة عدن",
    "colorado": "كولورادو",
    "comoros": "جزر القمر",
    "confederate states of america": "الولايات الكونفدرالية الأمريكية",
    "confederate states-of america": "الولايات الكونفدرالية الأمريكية",
    "confederation of the rhine": "اتحاد الراين",
    "congo free state": "دولة الكونغو الحرة",
    "congress poland": "كونغرس بولندا",
    "connecticut": "كونيتيكت",
    "cook islands": "جزر كوك",
    "cook island": "جزر كوك",
    "Saint Martinois": "سانت مارتينوا",
    "Saint Lucian": "سانت لوسيان",
    "French Polynesian": "بولينيزيا الفرنسية",
    "corinth": "كورينث القديمة",
    "cossack hetmanate": "هتمانات القوزاق",
    "costa rica": "كوستاريكا",
    "county of aragon": "كونتية أراغون",
    "county of barcelona": "كونتية برشلونة",
    "county of buren": "كونتية بورين",
    "county of cerdanya": "كونتية سيردانيا",
    "county of coimbra": "كونتية قلمرية",
    "county of edessa": "كونتية الرها",
    "county of holland": "مقاطعة هولندا",
    "county of horne": "كونتية هورنه",
    "county of isenburg": "إيزنبورغ",
    "county of pallars": "كونتية بليارش",
    "county of portugal": "كونتية البرتغال",
    "county of tripoli": "كونتية طرابلس",
    "county of tyrol": "بلدة تايرول",
    "county of urgell": "كونتية أورغل",
    "cretan state": "دولة كريت",
    "crimean khanate": "خانية القرم",
    "croatia": "كرواتيا",
    "croatian republic of herzeg-bosnia": "الجمهورية الكرواتية في البوسنة والهرسك",
    "cross river state": "ولاية كروس ريفر",
    "crotone": "كروتوني",
    "crown of aragon": "تاج أرغون",
    "crown of castile": "تاج قشتالة",
    "crown of the kingdom of poland": "مملكة بولندا",
    "cuba": "كوبا",
    "curaçao": "كوراساو",
    "cyprus": "قبرص",
    "czech republic": "التشيك",
    "czechoslovak socialist republic": "جمهورية تشيكوسلوفاكيا الاشتراكية",
    "czechoslovakia": "تشيكوسلوفاكيا",
    "dacia": "داقية",
    "dadra and nagar haveli": "دادرا وناجار هافلي",
    "dalmatia": "دالماسيا",
    "daman and diu": "دمن وديو",
    "danishmends": "دانشمنديون",
    "dathina": "مشيخة دثينة",
    "deccan sultanates": "سلطنات ديكان",
    "delaware": "ديلاوير",
    "delhi sultanate": "سلطنة دلهي",
    "delhi": "دلهي",
    "delta amacuro": "دلتا أماكورو",
    "delta state": "ولاية دلتا",
    "demak sultanate": "سلطنة ديماك",
    "democratic federal yugoslavia": "جمهورية يوغوسلافيا الاشتراكية الاتحادية",
    "democratic kampuchea": "كمبوتشيا الديمقراطية",
    "democratic republic of afghanistan": "جمهورية أفغانستان الديمقراطية",
    "democratic republic of armenia": "جمهورية أرمينيا الأولى",
    "democratic republic of azerbaijan": "جمهورية أذربيجان الديمقراطية",
    "democratic republic of georgia": "جمهورية جورجيا الديموقراطية",
    "democratic republic of the congo": "جمهورية الكونغو الديمقراطية",
    "democratic republic of yemen": "جمهورية اليمن الديموقراطية",
    "denmark": "الدنمارك",
    "denmark-norway": "دنمارك-النرويج",
    "der": "دير",
    "dervish state": "دولة الدراويش",
    "despotate of epirus": "إمارة إبيروس البيزنطية",
    "dilmun": "دلمون",
    "division of korea": "تقسيم كوريا",
    "djibouti": "جيبوتي",
    "domain of soissons": "مملكة سواسون",
    "dominica": "دومينيكا",
    "dominican republic": "جمهورية الدومينيكان",
    "dominion of fiji": "دومينيون فيجي",
    "dominion of india": "دومينيون الهند",
    "dominion of pakistan": "دومنيون باكستان",
    "donetsk people's republic": "جمهورية دونيتسك الشعبية",
    "donetsk": "دونيتسك",
    "duchy of amalfi": "دوقية أمالفي",
    "duchy of austria": "دوقية النمسا",
    "duchy of benevento": "دوقية بينيفينتو",
    "duchy of berg": "دوقية برغ",
    "duchy of bouillon": "دوقية بوليون",
    "duchy of brabant": "دوقية برابنت",
    "duchy of brittany": "دوقية بريتاني",
    "duchy of brunswick": "دوقية براونشفايغ",
    "duchy of brunswick-lüneburg": "دوقية براونشفايغ لونيبورغ",
    "duchy of burgundy": "دوقية بورغونيا",
    "duchy of carinthia": "كارينثيا",
    "duchy of carniola": "كارنيولا",
    "duchy of cleves": "دوقية كليفه",
    "duchy of ferrara": "دوقية فيرارا",
    "duchy of florence": "دوقية فلورنسا",
    "duchy of friuli": "دوقية فريولي",
    "duchy of holstein": "دوقية هولشتاين",
    "duchy of jülich": "دوقية يوليش",
    "duchy of limburg": "دوقية ليمبورغ",
    "duchy of livonia": "دوقية ليفونيا",
    "duchy of lorraine": "دوقية لورين",
    "duchy of lucca": "دوقية لوكا",
    "duchy of luxembourg": "دوقية لوكسمبورج",
    "duchy of mantua": "دوقية مانتوفا",
    "duchy of mecklenburg-schwerin": "دوقية مكلنبورغ شفيرين",
    "duchy of mecklenburg-strelitz": "دوقية مكلنبورغ ستريليتس",
    "duchy of milan": "دوقية ميلانو",
    "duchy of modena and reggio": "دوقية مودينا وريدجو",
    "duchy of moscow": "دوقية موسكو",
    "duchy of nassau": "دوقية ناساو",
    "duchy of oldenburg": "دوقية أولدنبورغ",
    "duchy of parma": "دوقية بارما",
    "duchy of prussia": "دوقية بروسيا",
    "duchy of savoy": "دوقية سافوي",
    "duchy of saxe-altenburg": "دوقية ساكسونيا ألتنبورغ",
    "duchy of saxe-meiningen": "دوقية ساكسونيا مايننغن",
    "duchy of saxony": "دوقية ساكسونيا",
    "duchy of styria": "دوقية ستيريا",
    "duchy of swabia": "دوقية شوابيا",
    "duchy of warsaw": "دوقية وارسو",
    "duchy of westphalia": "دوقية وستفاليا",
    "duklja": "دوكليا",
    "dulkadirids": "بنو ذولقادر",
    "durango": "ولاية دورانجو",
    "durrani empire": "الدولة الدرانية",
    "dutch gold coast": "الشاطئ الهولندي الذهبي",
    "dutch loango-angola": "لوانقو أنغولا الهولندية",
    "dutch republic": "جمهورية هولندا",
    "dál riata": "دالريادا",
    "dʿmt": "دعمت",
    "east bengal": "شرق البنغال",
    "east darfur": "ولاية شرق دارفور",
    "east francia": "مملكة الفرنجة الشرقيين",
    "east germany": "ألمانيا الشرقية",
    "east pakistan": "باكستان الشرقية",
    "east timor": "تيمور الشرقية",
    "east turkestan": "تركستان الشرقية",
    "eastern equatoria": "شرق الاستوائية",
    "eastern hungarian kingdom": "المملكة المجرية الشرقية",
    "eastern rumelia": "الروملي الشرقية",
    "eastern wu": "مملكة وو",
    "ebonyi state": "ولاية إبونيه",
    "ecuador": "الإكوادور",
    "edo state": "ولاية إدو",
    "edom": "إدوم",
    "egypt eyalet": "إيالة مصر",
    "egypt": "مصر",
    "ekiti state": "ولاية إكيتي",
    "el salvador": "السلفادور",
    "elam": "عيلام",
    "electoral palatinate": "بالاتينات الانتخابية",
    "electorate of cologne": "انتخابية كولونيا",
    "electorate of hesse": "انتخابية هسن",
    "emirate of afghanistan": "إمارة أفغانستان",
    "emirate of beihan": "إمارة بيحان",
    "emirate of bukhara": "إمارة بخارى",
    "emirate of crete": "إمارة كريت",
    "emirate of cyrenaica": "إمارة برقة",
    "emirate of córdoba": "إمارة قرطبة",
    "emirate of dhala": "إمارة الضالع",
    "emirate of diriyah": "الدولة السعودية الأولى",
    "emirate of dubai": "امارة دبي",
    "emirate of granada": "مملكة غرناطة",
    "emirate of jabal shammar": "جبل شمر",
    "emirate of nejd and hasa": "الدولة السعودية الثالثة",
    "emirate of nejd": "الدولة السعودية الثانية",
    "emirate of sicily": "إمارة صقلية",
    "emirate of tbilisi": "إمارة تفليس",
    "empire of brazil": "إمبراطورية البرازيل",
    "empire of china": "إمبراطورية الصين",
    "empire of japan": "إمبراطورية اليابان",
    "empire of nicea": "إمبراطورية نيقية",
    "empire of trebizond": "إمبراطورية طرابزون",
    "england": "إنجلترا",
    "enugu state": "ولاية إينوغو",
    "equatorial guinea": "غينيا الاستوائية",
    "eritrea": "إريتريا",
    "espiritu santo": "إسبيريتو سانتو",
    "espírito santo": "إسبيريتو سانتو",
    "estado novo": "إستادو نوفو",
    "estonia": "إستونيا",
    "estonian soviet socialist republic": "إستونيا السوفيتية",
    "ethiopia": "إثيوبيا",
    "exarchate of africa": "إكسرخسية قرطاج",
    "fadhli sultanate": "سلطنة الفضلي",
    "falcón": "فالكون",
    "falkland islands": "جزر فوكلاند",
    "far eastern republic": "جمهورية الشرق الأقصى",
    "faroe islands": "جزر فارو",
    "fatimid caliphate": "الدولة الفاطمية",
    "federal district": "القطاع الفدرالي البرازيلي",
    "federal republic of central america": "جمهورية أمريكا الوسطى الفيدرالية",
    "federal republic of yugoslavia": "جمهورية يوغوسلافيا الاتحادية",
    "federal state of austria": "دولة النمسا الاتحادية",
    "federated states of micronesia": "ولايات ميكرونيسيا المتحدة",
    "federated states-of micronesia": "ولايات ميكرونيسيا المتحدة",
    "federation of arab emirates of the south": "اتحاد إمارات الجنوب العربي",
    "federation of arab republics": "اتحاد الجمهوريات العربية",
    "federation of damanhur": "اتحاد دمنهور",
    "federation of malaya": "إتحاد ملايا",
    "federation of nigeria": "اتحاد نيجيريا",
    "federation of rhodesia and nyasaland": "اتحاد رودسيا ونياسلاند",
    "federation of south arabia": "اتحاد الجنوب العربي",
    "fiji": "فيجي",
    "finland": "فنلندا",
    "finnish democratic republic": "جمهورية فنلندا الشعبية",
    "finnish socialist workers' republic": "جمهورية العمال الفنلندية الاشتراكية",
    "first bulgarian empire": "الإمبراطورية البلغارية الأولى",
    "first czechoslovak republic": "الجمهورية التشيكوسلوفاكية الأولى",
    "first east turkestan republic": "جمهورية تركستان الشرقية الأولى",
    "first french empire": "الإمبراطورية الفرنسية الأولى",
    "first hungarian republic": "الجمهورية المجرية الأولى",
    "first mexican empire": "الإمبراطورية المكسيكية الأولى",
    "first portuguese republic": "جمهورية البرتغال الأولى",
    "first republic of austria": "الجمهورية النمساوية الأولى",
    "first spanish republic": "الجمهورية الإسبانية الأولى",
    "florence": "فلورنسا",
    "florida": "فلوريدا",
    "fort roughs": "بادي روي باتس",
    "france": "فرنسا",
    "francia": "إمبراطورية الفرنجة",
    "francoist spain": "إسبانيا الفرانكوية",
    "free state bottleneck": "جمهورية عنق الزجاجة",
    "free state of prussia": "دولة بروسيا الحرة",
    "free territory": "الإقليم الحر",
    "french colonization of the americas": "الاستعمار الفرنسي للأمريكيتين",
    "french consulate": "حكومة القناصل الفرنسية 1799 - 1804",
    "french fifth republic": "الجمهورية الفرنسية الخامسة",
    "french fourth republic": "الجمهورية الفرنسية الرابعة",
    "french india": "الهند الفرنسية",
    "french protectorate of tunisia": "الحماية الفرنسية في تونس",
    "french republic": "الجمهورية الفرنسية الأولى",
    "french second republic": "الجمهورية الفرنسية الثانية",
    "french third republic": "الجمهورية الفرنسية الثالثة",
    "frisian kingdom": "المملكة الفريزية",
    "fujairah": "الفجيرة",
    "fürstentum germania": "دولة مجهرية",
    "gabon": "الغابون",
    "galatia": "غلاطية",
    "galicia": "غاليسيا",
    "gambia": "غامبيا",
    "gandhara": "غاندارا",
    "gaul": "بلاد الغال",
    "gaya confederacy": "غايا",
    "geledi sultanate": "سلطنة غلدي",
    "georgia": "جورجيا",
    "georgian soviet socialist republic": "جمهورية جورجيا الاشتراكية السوفيتية",
    "german confederation": "الاتحاد الألماني",
    "german empire": "الإمبراطورية الألمانية",
    "german new guinea": "غينيا الجديدة الألمانية",
    "germany": "ألمانيا",
    "germiyanids": "كرمايان",
    "getulia": "جيتول",
    "ghana empire": "إمبراطورية غانا",
    "ghana": "غانا",
    "ghaznavid empire": "الدولة الغزنوية",
    "goa": "غوا",
    "goguryeo": "مملكة غوغوريو",
    "goiás": "غوياس",
    "gojoseon": "غوجوسون",
    "golconda sultanate": "قطب شاهي",
    "golden ambrosian republic": "الجمهورية الأمبروزية الذهبية",
    "golden horde": "القبيلة الذهبية",
    "gombe state": "ولاية غومبي",
    "government of the grand national assembly": "حكومة الجمعية الوطنية الكبرى",
    "gran colombia": "كولومبيا الكبرى",
    "granadine confederation": "الاتحاد الكنفدرالي الغرناطي",
    "grand duchy of baden": "دوقية بادن الكبرى",
    "grand duchy of berg": "دوقية بيرغ الكبرى",
    "grand duchy of finland": "دوقية فنلندا الكبرى",
    "grand duchy of frankfurt": "دوقية فرانكفورت الكبرى",
    "grand duchy of lithuania": "دوقية لتوانيا الكبرى",
    "grand duchy of mecklenburg-schwerin": "دوقية مكلنبورغ شفيرين الكبرى",
    "grand duchy of mecklenburg-strelitz": "دوقية مكلنبورغ ستريليتس الكبرى",
    "grand duchy of oldenburg": "دوقية أولدنبورغ الكبرى",
    "grand duchy of posen": "دوقية بوزنانيا الكبرى",
    "grand duchy of tuscany": "دوقية توسكانا الكبرى",
    "grand duchy of würzburg": "دوقية فورتسبورغ الكبرى",
    "great moravia": "مورافيا العظمى",
    "great seljuq empire": "الدولة السلجوقية",
    "greater lebanon": "انتداب فرنسي على لبنان",
    "greco-bactrian kingdom": "مملكة إغريقية بخترية",
    "greece": "اليونان",
    "grenada": "غرينادا",
    "großherzogtum hessen": "دوقية هسن الكبرى",
    "guanajuato": "ولاية غواناخواتو",
    "guatemala": "غواتيمالا",
    "guelders": "خيلدرز",
    "guerrero": "ولاية غيريرو",
    "guinea": "غينيا",
    "guinea-bissau": "غينيا بيساو",
    "gujarat": "غوجارات",
    "gupta empire": "إمبراطورية جوبتا",
    "guyana": "غيانا",
    "guárico": "غواريكو",
    "habsburg empire": "ملكية هابسبورغ",
    "habsburg netherlands": "الأراضي المنخفضة الهابسبورجية",
    "habsburg spain": "إسبانيا هابسبورغ",
    "hadhramaut": "مملكة حضرموت",
    "hadiya kingdom": "هدية",
    "hafsid dynasty": "الحفصيون",
    "haiti": "هايتي",
    "hamazi": "خمازي",
    "hamburg": "هامبورغ",
    "hammadid dynasty": "حماديون",
    "han dynasty": "مملكة هان",
    "haryana": "هاريانا",
    "hatay state": "دولة هتاي",
    "hausa kingdoms": "ممالك الهاوسا",
    "haushabi": "سلطنة الحواشب",
    "hawaii": "هاواي",
    "hellenic state": "دولة اليونان",
    "hesse": "هسن",
    "hidalgo (state)": "ولاية هيدالغو",
    "himachal pradesh": "هيماجل برديش",
    "himyarite kingdom": "مملكة حمير",
    "hiroshima": "هيروشيما",
    "history of lippe": "إمارة ليبه",
    "history of the kingdom of italy": "مملكة إيطاليا",
    "hittites": "حيثيون",
    "hohenzollern-hechingen": "هوهنتسولرن هيشنغن",
    "holy roman empire": "الإمبراطورية الرومانية المقدسة",
    "honduras": "هندوراس",
    "hotel arbez": "فندق أربيز",
    "house of nassau-weilburg": "عائلة ناساو - فيلبيورخ",
    "hoysala empire": "هويسالا",
    "hungarian republic": "الجمهورية المجرية",
    "hungarian soviet republic": "الجمهورية المجرية السوفييتية",
    "hungarian state": "الدولة المجرية",
    "hungarian-czechoslovak war": "الحرب التشيكوسلوفاكية المجرية",
    "hungary": "المجر",
    "hunnic empire": "إمبراطورية الهون",
    "hyderabad state": "ولاية حيدر آباد",
    "iberia": "إبيريا",
    "iberian union": "الاتحاد الإيبيري",
    "iceland": "آيسلندا",
    "idaho": "أيداهو",
    "idrisid dynasty": "أدارسة",
    "idrisid emirate of asir": "الإمارة الإدريسية في عسير",
    "idumea": "إدوم",
    "ikhshidid dynasty": "الدولة الإخشيدية",
    "ilkhanate": "إيلخانية",
    "illinois": "إلينوي",
    "imo state": "ولاية إيمو",
    "inca": "إنكا",
    "independent macedonia": "مقدونيا المستقلة",
    "independent state of croatia": "دولة كرواتيا المستقلة",
    "india": "الهند",
    "indo-greek kingdom": "مملكة هندية إغريقية",
    "indo-scythians": "الهنود السكثيون",
    "iowa": "آيوا",
    "iran": "إيران",
    "iraq": "العراق",
    "irish free state": "الدولة الأيرلندية الحرة",
    "irkutsk oblast": "إركوتسك أوبلاست",
    "islamic courts union": "اتحاد المحاكم الإسلامية",
    "islamic emirate of afghanistan": "إمارة أفغانستان الإسلامية",
    "islamic republic of iran": "الجمهورية الإسلامية الإيرانية",
    "islamic republic-of iran": "الجمهورية الإسلامية الإيرانية",
    "islamic state of afghanistan": "دولة أفغانستان الإسلامية",
    "islamic state of iraq and the levant": "تنظيم الدولة الإسلامية (داعش)",
    "israel": "إسرائيل",
    "israeli civil administration": "الإدارة المدنية الإسرائيلية",
    "israeli military governorate": "الحكم العسكري الإسرائيلي",
    "istanbul": "إسطنبول",
    "italian eritrea": "إريتريا الإيطالية",
    "italian republic": "جمهورية إيطاليا النابوليونية",
    "italian social republic": "الجمهورية الإيطالية الاشتراكية",
    "italy": "إيطاليا",
    "ivanovo oblast": "إيفانوفو أوبلاست",
    "ivory coast": "ساحل العاج",
    "jabal bura": "محمية برع",
    "jabal druze state": "دولة جبل الدروز",
    "jaffna kingdom": "مملكة جفنا",
    "jalayirids": "جلائريون",
    "jalisco": "ولاية خاليسكو",
    "jamaica": "جامايكا",
    "jambi sultanate": "سلطنة جمبي",
    "jammu and kashmir": "جامو وكشمير",
    "japan": "اليابان",
    "jewish autonomous oblast": "الأوبلاست اليهودية الذاتية",
    "jharkhand": "جهارخاند",
    "jigawa state": "ولاية جيغاوة",
    "jin dynasty": "أسرة جين",
    "jin": "جين",
    "jinhan confederacy": "جنهان",
    "johor sultanate": "سلطنة جوهر",
    "johor": "جوهور",
    "jonglei": "جونقلي",
    "jordan": "الأردن",
    "joseon": "مملكة جوسون",
    "judah": "مملكة يهوذا",
    "july monarchy": "ملكية يوليو",
    "kabardino-balkar republic": "قبردينو - بلقاريا",
    "kadamba dynasty": "سلالة كادامبا",
    "kaduna state": "ولاية كادونا",
    "kalinga": "كالينغا",
    "kaliningrad oblast": "أوبلاست كالينينغرادسكايا",
    "kalmar union": "اتحاد كالمار",
    "kaluga oblast": "كالوغا أوبلاست",
    "kamchatka krai": "كراي كامشاتكا",
    "kanem empire": "إمبراطورية كانم",
    "kano state": "ولاية كانو",
    "kansas": "كانساس",
    "kara koyunlu": "الدولة القره قويونلوية",
    "kara-khanid khanate": "قراخانات",
    "karabakh khanate": "خانية قره باغ",
    "karachay-cherkess republic": "قراتشاي - تشيركيسيا",
    "karamanids": "إمارة قرمان",
    "karelo-finnish soviet socialist republic": "الجمهورية الكريلية - الفنلندية السوفيتية الاشتراكية",
    "karnataka": "كارناتاكا",
    "kashmir": "كشمير",
    "kasimov": "كاسيموف",
    "kassala": "كسلا",
    "kathiri": "السلطنة الكثيرية",
    "katsina state": "ولاية كاتسينا",
    "kazakh khanate": "خانات كازاخ",
    "kazakh soviet socialist republic": "كازاخستان السوفيتية",
    "kazakhstan": "كازاخستان",
    "kebbi state": "ولاية كبي",
    "kedah": "قدح",
    "kelantan": "كيلانتان",
    "kemerovo oblast": "كيميروفو أوبلاست",
    "kentucky": "كنتاكي",
    "kenya": "كينيا",
    "kerala": "كيرلا",
    "khabarovsk krai": "خاباروفسك كراي",
    "khanate of bukhara": "خانات بخارى",
    "khanate of kalat": "خانات قلات",
    "khanate of kazan": "خانية قازان",
    "khanate of kokand": "خانات خوقند",
    "khanate of sibir": "خانية سيبير",
    "khanty-mansi autonomous okrug": "أوكروغ خانتي-مانسي ذاتية الحكم",
    "kharkov people's republic": "اضطرابات 2014 الموالية لروسيا في أوكرانيا",
    "khartoum": "الخرطوم",
    "khazar khaganate": "إمبراطورية الخزر",
    "khedivate of egypt": "الخديوية المصرية",
    "khmer empire": "إمبراطورية الخمير",
    "khmer republic": "جمهورية الخمير",
    "khorezm people's soviet republic": "جمهورية الخوارزمية الشعبية السوفيتية",
    "khwarazmian dynasty": "خوارزميون",
    "kilwa sultanate": "مملكة كلوه",
    "kindah": "مملكة كندة",
    "kingdomof cyprus": "مملكة قبرص",
    "kirghiz soviet socialist republic": "جمهورية قرغيزستان الإشتراكية السوفياتية",
    "kiribati": "كيريباتي",
    "kirov oblast": "أوبلاست كيروف",
    "kogi state": "ولاية كوجي",
    "komi republic": "جمهورية كومي",
    "korea": "كوريا",
    "korean empire": "إمبراطورية كوريا",
    "koriya": "كوريا",
    "kosovo": "كوسوفو",
    "kostroma oblast": "كوستروما أوبلاست",
    "krasnodar krai": "كراسنودار كراي",
    "krasnoyarsk krai": "كراسنويارسك كراي",
    "kurgan oblast": "أوبلاست كورغان",
    "kursk oblast": "كورسك أوبلاست",
    "kush": "مملكة كوش",
    "kushan empire": "إمبراطورية كوشان",
    "kuwait": "الكويت",
    "kwara state": "ولاية كوارة",
    "kyivska rus'": "خقانات روس",
    "kyrgyzstan": "قيرغيزستان",
    "kénédougou kingdom": "مملكة كيندوغو",
    "königreich deutschland": "مملكة ألمانيا",
    "l'anse-saint-jean": "لأنسي سانت جين",
    "ladonia": "لادونيا",
    "lagash": "لجش",
    "lagos": "ولاية لاغوس",
    "lakshadweep": "لكشديب",
    "lan xang": "مملكة لان أكسانغ",
    "land of punt": "بنط",
    "landgraviate of hesse-darmstadt": "لاندغريفية هسن دارمشتات",
    "landgraviate of hesse-kassel": "لاندغريفية هسن كاسل",
    "laos": "لاوس",
    "lara": "لارا",
    "larymna": "لاريمنا",
    "later jin dynasty": "سلالة جين المتأخرة الحاكمة",
    "later liang dynasty": "أسرة ليتر تانغ",
    "latin empire": "الإمبراطورية اللاتينية",
    "latvia": "لاتفيا",
    "latvian soviet socialist republic": "جمهورية لاتفيا السوفيتية الإشتراكية",
    "lazica": "لازيكا",
    "lebanon": "لبنان",
    "lemnos": "ليمنوس",
    "leningrad oblast": "لينينغراد أوبلاست",
    "lesotho": "ليسوتو",
    "liao dynasty": "مملكة لياو",
    "liberia": "ليبيريا",
    "liberland": "ليبرلاند",
    "libya": "ليبيا",
    "libyan arab jamahiriya": "الجماهيرية العربية الليبية الشعبية الاشتراكية العظمى",
    "liechtenstein": "ليختنشتاين",
    "ligurian republic": "الجمهورية الليغورية",
    "lipetsk oblast": "ليبيتسك أوبلاست",
    "lithuania": "ليتوانيا",
    "lithuanian soviet socialist republic": "جمهورية ليتوانيا السوفيتية الاشتراكية",
    "livonia": "ليفونيا",
    "lordship of ireland": "سلطة أيرلندا",
    "lorraine": "لورين",
    "los altos, central america": "لوس ألتوس",
    "louisiana": "لويزيانا",
    "lower aulaqi sultanate": "سلطنة العوالق السفلى",
    "lower austria": "النمسا السفلى",
    "lower lorraine": "لوثارينجيا الواطئة",
    "lower saxony": "سكسونيا السفلى",
    "lower yafa": "سلطنة يافع السفلى",
    "lu": "ليو",
    "luhansk people's republic": "جمهورية لوغانسك الشعبية",
    "luhansk": "لوغانسك",
    "lundy": "جزيرة لوندي",
    "luxembourg": "لوكسمبورغ",
    "lydia": "ليديا",
    "lübeck": "لوبيك",
    "maakhir": "ماخر",
    "macau": "ماكاو",
    "macedonian kingdom": "مقدونيا القديمة",
    "madagascar": "مدغشقر",
    "madhya pradesh": "ماديا براديش",
    "maflahi": "مشيخة المفلحي",
    "magadan oblast": "ماغادان أوبلاست",
    "magadha": "مملكة ماجادها",
    "mahan confederacy": "ماهان",
    "maharashtra": "ماهاراشترا",
    "mahra sultanate": "سلطنة المهرة",
    "maine": "مين",
    "majapahit": "إمبراطورية ماجاباهيت",
    "majeerteen sultanate": "سلطنة مجرتين",
    "makran": "مكران",
    "malacca sultanate": "سلطنة ملقا",
    "malacca": "ملقا",
    "malaysia": "ماليزيا",
    "maldives": "جزر المالديف",
    "mali empire": "إمبراطورية مالي",
    "mali federation": "الاتحاد المالي",
    "mali": "مالي",
    "malta": "مالطا",
    "malwa": "مالوا",
    "mamluk sultanate": "مماليك مصر",
    "manchukuo": "مانشوكو",
    "mandatory palestine": "الانتداب البريطاني على فلسطين",
    "manipur": "مانيبور",
    "mannaeans": "مانيون",
    "maranhão": "مارانهاو",
    "maratha empire": "إمبراطورية ماراثا",
    "marca hispanica": "الثغر الإسباني",
    "march of tuscany": "مرغرافية توسكانا",
    "margraviate of brandenburg": "مرغريفية براندنبورغ",
    "margraviate of meissen": "مرغريفية مايسن",
    "mari el republic": "ماري إل",
    "marinid dynasty": "مرينيون",
    "marshall islands": "جزر مارشال",
    "maryland": "ماريلند",
    "massachusetts": "ماساتشوستس",
    "mataram sultanate": "سلطنة ماتارام",
    "mato grosso do sul": "ماتو غروسو دو سول",
    "mato grosso": "ماتو غروسو",
    "mauretania": "موريطنية",
    "mauritania": "موريتانيا",
    "mauritius": "موريشيوس",
    "maurya empire": "الإمبراطورية الماورية",
    "mayan civilization": "مايا",
    "mecklenburg-western pomerania": "مكلنبورغ فوربومرن",
    "medang kingdom": "مملكة ماتارام",
    "medes": "ميديون",
    "meghalaya": "ميغالايا",
    "mengjiang": "مينتشيانغ",
    "meroë": "أهرامات مروي",
    "messana": "مسينة",
    "meulaboh": "ميولابوه",
    "mexico": "المكسيك",
    "michigan": "ميشيغان",
    "michoacán": "ولاية ميتشواكان",
    "middle francia": "فرانسيا الوسطى",
    "minaeans": "مملكة معين",
    "minas gerais": "ميناس جيرايس",
    "ming dynasty": "سلالة مينغ الحاكمة",
    "minnesota": "منيسوتا",
    "miranda": "ميراندا",
    "mississippi": "مسيسيبي",
    "missouri": "ميزوري",
    "mitanni": "ميتاني",
    "mizoram": "ميزورام",
    "moldavian soviet socialist republic": "جمهورية مولدوفا السوفيتية الاشتراكية",
    "moldova": "مولدافيا",
    "mon state": "ولاية مون",
    "monaco": "موناكو",
    "monagas": "موناغاس",
    "mongol empire": "إمبراطورية المغول",
    "mongolia": "منغوليا",
    "mongolian people's republic": "جمهورية منغوليا الشعبية",
    "montana": "مونتانا",
    "montenegro": "الجبل الأسود",
    "moravia": "مورافيا",
    "morelos": "ولاية موريلوس",
    "morocco": "المغرب",
    "moscow oblast": "محافظة موسكو",
    "moscow": "موسكو",
    "mountainous republic of the northern caucasus": "جمهورية شمال القوقاز الجبلية",
    "mozambique": "موزمبيق",
    "mughal empire": "سلطنة مغول الهند",
    "mughan soviet republic": "جمهورية موغان السوفياتية",
    "murmansk oblast": "مورمانسك أوبلاست",
    "murrawarri republic": "جمهورية موراوارى",
    "muscat and oman": "سلطنة مسقط وعمان",
    "muzaffarids of iran": "آل مظفر",
    "myanmar": "ميانمار",
    "mérida": "ولاية ماردة",
    "méxico": "مكسيكو",
    "nabataean kingdom": "مملكة الأنباط",
    "nagaland": "ناجالاند",
    "namibia": "ناميبيا",
    "nanyue": "نانياو",
    "naples": "نابولي",
    "nasarawa state": "ولاية نصراوة",
    "nauru": "ناورو",
    "navassa island": "جزيرة نافاسا",
    "nayarit": "ولاية ناياريت",
    "nazi germany": "ألمانيا النازية",
    "nebraska": "نبراسكا",
    "negeri sembilan": "نكري سمبيلن",
    "nenets autonomous okrug": "أوكروغ نينيتس الذاتية",
    "neo-assyrian empire": "إمبراطورية آشورية حديثة",
    "neo-babylonian empire": "إمبراطورية بابلية حديثة",
    "nepal": "نيبال",
    "netherlands antilles": "جزر الأنتيل الهولندية",
    "netherlands new guinea": "غينيا الجديدة الهولندية",
    "netherlands": "هولندا",
    "neustria": "نيوستريا",
    "nevada": "نيفادا",
    "new hampshire": "نيوهامشير",
    "new jersey": "نيوجيرسي",
    "new mexico": "نيومكسيكو",
    "new south wales": "نيوساوث ويلز",
    "new york": "نيويورك",
    "new zealand": "نيوزيلندا",
    "nicaragua": "نيكاراغوا",
    "niger state": "ولاية نيجر",
    "niger": "النيجر",
    "nigeria": "نيجيريا",
    "niue": "نييوي",
    "nizhny novgorod oblast": "نيجني نوفغورود أوبلاست",
    "nobatia": "نوباتيا",
    "north carolina": "كارولاينا الشمالية",
    "north caucasian emirate": "إمارة القوقاز الشمالي",
    "north dakota": "داكوتا الشمالية",
    "north darfur": "ولاية شمال دارفور",
    "north german confederation": "الاتحاد الألماني الشمالي",
    "north korea": "كوريا الشمالية",
    "north kurdufan": "ولاية شمال كردفان",
    "north rhine-westphalia": "شمال الراين-وستفاليا",
    "north vietnam": "شمال فيتنام",
    "north yemen": "اليمن الشمالي",
    "northern bahr el ghazal": "شمال بحر الغزال",
    "northern epirus": "إبيروس الشمالية",
    "northern": "الشمالية",
    "norway": "النرويج",
    "novgorod oblast": "نوفغورود أوبلاست",
    "novgorod republic": "جمهورية نوفغورود",
    "novorossiya (union of people's republics)": "دولة نوفوروسيا الاتحادية",
    "novosibirsk oblast": "نوفوسيبيرسك أوبلاست",
    "nueva esparta": "نويفا إسبارتا",
    "nuevo león": "ولاية نويفو ليون",
    "numidia": "نوميديا",
    "oaxaca": "ولاية واهاكا",
    "occupied enemy territory administration": "إدارة أراضي العدو المحتلة",
    "odessa people's republic": "جمهورية أوديسا الشعبية",
    "odessa soviet republic": "جمهورية أوديسا السوفياتية",
    "odisha": "أوريسا",
    "oghuz yabgu state": "دولة اوغوز ياغبو",
    "ogun state": "ولاية أوغون",
    "ohio": "أوهايو",
    "oklahoma": "أوكلاهوما",
    "old swiss confederacy": "الاتحاد السويسري القديم",
    "oldenburg": "أولدنبورغ",
    "oman proper": "إمامة عمان",
    "oman": "سلطنة عمان",
    "omsk oblast": "أوبلاست أومسك",
    "ondo state": "ولاية أوندو",
    "orange free state": "دولة البرتقال الحرة",
    "oregon": "أوريغون",
    "orenburg oblast": "أورنبرغ أوبلاست",
    "oryol oblast": "أوريول أوبلاست",
    "osroene": "مملكة الرها",
    "osrūshana": "أشروسنة",
    "ostrogothic kingdom": "مملكة القوط الشرقيين",
    "osun state": "ولاية أوشون",
    "ottoman caliphate": "الخلافة العثمانية",
    "ottoman empire": "الدولة العثمانية",
    "ouaddai empire": "سلطنة وداي",
    "oyo empire": "إمبراطورية أويو",
    "oyo state": "ولاية أويو",
    "pagan kingdom": "مملكة باغان",
    "pahang": "فهغ",
    "pakistan": "باكستان",
    "palau": "بالاو",
    "palestine": "فلسطين",
    "palestinian territories": "الضفة الغربية وقطاع غزة",
    "palmyrene empire": "مملكة تدمر",
    "panama": "بنما",
    "pandyan dynasty": "بانديائيون",
    "papal states": "الدولة البابوية",
    "papua new guinea": "بابوا غينيا الجديدة",
    "paraguay": "باراغواي",
    "paraná": "بارانا",
    "paraíba": "بارايبا",
    "parthenopean republic": "الجمهورية البارثينوبية",
    "parthian empire": "الإمبراطورية البارثية",
    "pará": "بارا",
    "pasai": "سلطنة ساموديرا باساي",
    "pattani kingdom": "مملكة فطاني",
    "penang": "بينانق",
    "pennsylvania": "بنسلفانيا",
    "penza oblast": "بانزا أوبلاست",
    "people's democratic republic of ethiopia": "جمهورية إثيوبيا الشعبية الديمقراطية",
    "people's republic of albania": "جمهورية ألبانيا الشعبية الاشتراكية",
    "people's republic of china": "جمهورية الصين الشعبية",
    "people's republic of hungary": "جمهورية المجر الشعبية",
    "people's republic of kampuchea": "جمهورية كمبوتشيا الشعبية",
    "people's republic of poland": "جمهورية بولندا الشعبية 1944-1989",
    "people's republic of the congo": "جمهورية الكونغو الشعبية",
    "people's socialist republic of albania": "جمهورية ألبانيا الشعبية الاشتراكية",
    "perak": "فيرق",
    "perlis": "برليس",
    "perm krai": "بيرم كراي",
    "pernambuco": "بيرنامبوكو",
    "persian empire": "إمبراطورية فارسية",
    "peru": "بيرو",
    "philippines": "الفلبين",
    "phoenicia": "فينيقيون",
    "phrygia": "فريجيا",
    "piauí": "بياوي",
    "plateau state": "ولاية بلاتو",
    "pohnpei state": "ولاية بوهنبي",
    "poland": "بولندا",
    "pontianak sultanate": "سلطنة بونتياناك",
    "pontus": "البنطس",
    "portugal": "البرتغال",
    "portuguesa": "بورتوغيزا",
    "portuguese empire": "الإمبراطورية البرتغالية",
    "primorsky krai": "بريمورسكي كراي",
    "prince of orange": "أمير أورانيا",
    "prince-bishopric of liège": "أسقفية أمير لياج",
    "prince-bishopric of münster": "إمارة مونستر البيشوبرية",
    "prince-bishopric of utrecht": "أسقفية أوترخت",
    "principality of albania": "إمارة ألبانيا",
    "principality of ansbach": "إمارة أنسباخ",
    "principality of antioch": "إمارة أنطاكية",
    "principality of bayreuth": "إمارة بايرويت",
    "principality of benevento": "دوقية بينيفينتو",
    "principality of bitlis": "بدليسيون",
    "principality of bulgaria": "إمارة بلغاريا",
    "principality of catalonia": "إمارة كتالونيا",
    "principality of hutt river": "مقاطعة هوت ريفر",
    "principality of leyen": "إمارة لاين",
    "principality of montenegro": "إمارة الجبل الأسود",
    "principality of orange": "إمارة أوراني",
    "principality of regensburg": "إمارة ريغنسبورغ",
    "principality of reuss-greiz": "إمارة رويس الخط الأكبر",
    "principality of salm": "إمارة زالم",
    "principality of sealand": "سيلاند",
    "principality of serbia": "إمارة صربيا",
    "principality of sperlinga": "سبرلينغا",
    "protectorate of bohemia and moravia": "محمية بوهيميا ومورافيا",
    "protectorate of south arabia": "محمية الجنوب العربي",
    "provisional government of the republic of korea": "حكومة جمهورية كوريا المؤقتة",
    "provisional national government of the southwestern caucasus": "الحكومة الوطنية المؤقتة لجنوب غرب القوقاز",
    "prussia": "بروسيا",
    "pskov oblast": "بسكوف أوبلاست",
    "ptolemaic kingdom": "المملكة البطلمية",
    "puducherry": "بودوتشيري",
    "puebla": "ولاية بويبلا",
    "punjab state": "بنجاب",
    "punjab": "بنجاب",
    "pyrene": "بيرين",
    "pyu city-states": "دول مدينة بيو",
    "qara khitai": "الدولة القراخطائية",
    "qataban": "مملكة قتبان",
    "qatar": "قطر",
    "qi": "تشي",
    "qin dynasty": "سلالة تشين الحاكمة",
    "qing dynasty": "مملكة تشينغ",
    "qu'aiti": "السلطنة القعيطية الحضرمية",
    "queensland": "كوينزلاند",
    "querétaro": "ولاية كويريتارو",
    "quintana roo": "ولاية كينتانا رو",
    "qutaibi": "مشيخة القطيبي",
    "rajasthan": "راجستان",
    "ras al-khaimah": "رأس الخيمة",
    "rashidun caliphate": "الخلافة الراشدة",
    "red sea": "البحر الأحمر",
    "redonda": "ريدوندا",
    "reichsitalien": "مملكة إيطاليا",
    "republic of acre": "جمهورية عكا",
    "republic of adygea": "أديغيا",
    "republic of afghanistan": "جمهورية أفغناستان",
    "republic of alba": "جمهورية ألبا",
    "republic of ararat": "جمهورية أرارات",
    "republic of artsakh": "جمهورية أرتساخ",
    "republic of bashkortostan": "باشكورستان",
    "republic of benin": "جمهورية بنين",
    "republic of bosnia and herzegovina": "جمهورية البوسنة والهرسك",
    "republic of cabinda": "كابيندا",
    "republic of china": "جمهورية الصين",
    "republic of crimea": "جمهورية القرم",
    "republic of dagestan": "داغستان",
    "republic of dahomey": "جمهورية داهومي",
    "republic of egypt": "الجمهورية المصرية",
    "republic of florence": "جمهورية فلورنسا",
    "republic of formosa": "جمهورية تايوان",
    "republic of geneva": "جمهورية جنيف",
    "republic of genova": "جمهورية جنوة",
    "republic of german-austria": "الجمهورية الألمانية النمساوية",
    "republic of hungary": "المجر",
    "republic of independent guyana": "جمهورية غيانا المستقلة",
    "republic of ingushetia": "إنغوشيتيا",
    "republic of iraq": "جمهورية العراق",
    "republic of jamtland": "جمهورية جمتلاند",
    "republic of kalmykia": "كالميكيا",
    "republic of karelia": "جمهورية كاريليا",
    "republic of khakassia": "خقاسيا",
    "republic of kosova": "جمهورية كوسوفا",
    "republic of kuwait": "جمهورية الكويت",
    "republic of liège": "جمهورية لياج",
    "republic of lucca": "جمهورية لوكا",
    "republic of macedonia": "جمهورية مقدونيا",
    "republic of mahabad": "جمهورية مهاباد",
    "republic of mainz": "جمهورية ماينز",
    "republic of molossia": "جمهورية مولوسيا",
    "republic of mordovia": "موردوفيا",
    "republic of new granada": "جمهورية غرناطة الجديدة",
    "republic of noli": "جمهورية نولي",
    "republic of north ossetia-alania": "أوسيتيا الشمالية-ألانيا",
    "republic of pisa": "جمهورية بيزا",
    "republic of prekmurje": "جمهورية بريكمورج",
    "republic of ragusa": "جمهورية راغوزا",
    "republic of salé": "جمهورية بورقراق",
    "republic of san marco": "جمهورية سان ماركو",
    "republic of serbian krajina": "جمهورية كرايينا الصربية",
    "republic of tatarstan": "تتارستان",
    "republic of texas": "جمهورية تكساس",
    "republic of the congo": "جمهورية الكونغو",
    "republic of upper volta": "جمهورية فولتا العليا",
    "republic of venice": "جمهورية البندقية",
    "republic of vinica": "جمهورية فينيكا",
    "republic-of artsakh": "جمهورية أرتساخ",
    "reuss-ebersdorf": "رويس إبرسدورف",
    "reuss-lobenstein": "رويس لوبنشتاين",
    "rhineland-palatinate": "راينلند بالاتينات",
    "rhode island": "رود آيلاند",
    "rhodesia": "رودسيا",
    "rif republic": "جمهورية الريف",
    "rio de janeiro": "ريو دي جانيرو",
    "rio grande do norte": "ريو غراندي دو نورتي",
    "rio grande do sul": "ريو غراندي دو سول",
    "river nile": "نهر النيل",
    "rivers state": "ولاية ريفرز",
    "roman empire": "الإمبراطورية الرومانية",
    "roman kingdom": "المملكة الرومانية",
    "roman republic": "الجمهورية الرومانية",
    "romania": "رومانيا",
    "romanian people's republic": "جمهورية رومانيا الاشتراكية",
    "rondônia": "روندونيا",
    "roraima": "رورايما",
    "rostov oblast": "روستوف أوبلاست",
    "royal prussia": "بروسيا الملكية",
    "rus' khaganate": "خاقانات روس",
    "russia": "روسيا",
    "russian empire": "الإمبراطورية الروسية",
    "russian republic": "الجمهورية الروسية",
    "russian soviet federative socialist republic": "جمهورية روسيا السوفيتية الاتحادية الاشتراكية",
    "rustamid dynasty": "رستميون",
    "rwanda": "رواندا",
    "ryazan oblast": "ريازان أوبلاست",
    "ryukyu kingdom": "مملكة ريوكيو",
    "saar protectorate": "محمية سار",
    "saar": "سار",
    "saarland": "سارلاند",
    "sabah": "صباح",
    "safavids state": "الدولة الصفوية",
    "saint kitts and nevis": "سانت كيتس ونيفيس",
    "saint lucia": "سانت لوسيا",
    "saint petersburg": "سانت بطرسبرغ",
    "saint vincent and grenadines": "سانت فينسنت والغرينادين",
    "saint vincent and the grenadines": "سانت فينسنت والغرينادين",
    "sakha republic": "ياقوتيا",
    "sakhalin oblast": "ساخالين أوبلاست",
    "salzburg": "سالزبورغ",
    "samanid dynasty": "سامانيون",
    "samara oblast": "سمارا أوبلاست",
    "samoa": "ساموا",
    "samos": "ساموس",
    "san luis potosí": "ولاية سان لويس بوتوسي",
    "san marino": "سان مارينو",
    "santa catarina": "سانتا كاتارينا",
    "sao eastern slavonia, baranja and western syrmia": "منقطة الحكم الذاتي الصربية في سلوفينيا الشرقية وبرانيا وسيرميا الغربية",
    "saratov oblast": "ساراتوف أوبلاست",
    "sassanian empire": "ساسانيون",
    "satavahana dynasty": "ساتافاهانا",
    "saudi arabia": "السعودية",
    "saxe-coburg and gotha": "دوقية ساكسونيا كوبورغ وغوتا",
    "saxe-coburg-saalfeld": "دوقية ساكسونيا كوبورغ زالفلد",
    "saxe-gotha-altenburg": "ساكسونيا غوتا ألتنبورغ",
    "saxe-hildburghausen": "دوقية ساكسونيا هيدلبورغهاوزن",
    "saxe-lauenburg": "دوقية ساكسونيا لاونبورغ",
    "saxe-weimar": "دوقية ساكسونيا فايمر",
    "saxe-weimar-eisenach": "دوقية ساكسونيا فايمر أيزيناخ الكبرى",
    "saxony": "ساكسونيا",
    "saxony-anhalt": "ساكسونيا أنهالت",
    "schaumburg-lippe": "شاومبورغ ليبه",
    "schleswig-holstein": "شليسفيغ هولشتاين",
    "schwarzburg-rudolstadt": "إمارة شفارتسبورغ رودولشتات",
    "schwarzburg-sondershausen": "إمارة شفارتسبورغ سوندرسهاوزن",
    "scotland": "إسكتلندا",
    "scythia": "سكيثيا",
    "second bulgarian empire": "الإمبراطورية البلغارية الثانية",
    "second czechoslovak republic": "الجمهورية التشيكوسلوفاكية الثانية",
    "second east turkestan republic": "جمهورية تركستان الشرقية الثانية",
    "second french empire": "الإمبراطورية الفرنسية الثانية",
    "second hellenic republic": "الجمهورية اليونانية الثانية",
    "second mexican empire": "الإمبراطورية المكسيكية الثانية",
    "second philippine republic": "الجمهورية الفلبينية الثانية",
    "second polish republic": "الجمهورية البولندية الثانية",
    "second republic of south korea": "جمهورية كوريا الجنوبية الثانية",
    "second spanish republic": "الجمهورية الإسبانية الثانية",
    "selangor": "سلاغور",
    "seleucid empire": "سلوقيون",
    "sena dynasty": "سلالة سينا",
    "sena kingdom": "مملكة سينا",
    "senegal": "السنغال",
    "senegambia confederation": "اتحاد سينيغامبيا الكونفدرالي",
    "sennar sultanate": "سلطنة سنار",
    "sennar": "سنار",
    "serbia and montenegro": "صربيا والجبل الأسود",
    "serbian empire": "الإمبراطورية الصربية",
    "serbian-hungarian baranya-baja republic": "جمهورية برانيا باج الصربية المجرية",
    "sergipe": "سيرجيبي",
    "sevastopol": "سيفاستوبول",
    "seychelles": "سيشل",
    "shaib": "مشيخة الشعيب",
    "shan state republic": "جمهورية ولاية شان",
    "shang dynasty": "مملكة شانغ",
    "sharjah emirate": "إمارة الشارقة",
    "sharma/jethmun coastal area": "محمية شرمة - جثمون",
    "sheba": "مملكة سبأ",
    "shirvan": "شروان",
    "shu han": "مملكة شو",
    "shu": "شو",
    "shuliavka republic": "جمهورية شوليافكا",
    "siam": "سيام",
    "sicani": "شعب سيكاني",
    "sicels": "سيكوليون",
    "sicyon": "سيكيون",
    "sierra leone": "سيراليون",
    "sijilmasa": "سجلماسة",
    "sikh empire": "إمبراطورية السيخ",
    "sikkim": "سيكيم",
    "silla": "مملكة شلا",
    "sinaloa": "ولاية سينالوا",
    "singapore": "سنغافورة",
    "sint maarten": "سينت مارتن",
    "slovak republic": "جمهورية سلوفاكيا",
    "slovakia": "سلوفاكيا",
    "slovenia": "سلوفينيا",
    "smolensk oblast": "أوبلاست سمولينسك",
    "smyrna": "سميرنا",
    "socialist federal republic of yugoslavia": "جمهورية يوغوسلافيا الاشتراكية الاتحادية",
    "socialist republic of bosnia and herzegovina": "جمهورية البوسنة والهرسك الاشتراكية",
    "socialist republic of croatia": "جمهورية كرواتيا الاشتراكية",
    "socialist republic of macedonia": "جمهورية مقدونيا الاشتراكية",
    "socialist republic of montenegro": "جمهورية الجبل الأسود الاشتراكية",
    "socialist republic of romania": "جمهورية رومانيا الاشتراكية",
    "socialist republic of serbia": "جمهورية صربيا الاشتراكية",
    "socialist republic of slovenia": "جمهورية سلوفينيا الاشتراكية",
    "socialist soviet republic of abkhazia": "الجمهورية الاشتراكية السوفييتية الأبخازية",
    "sokoto caliphate": "خلافة سوكوتو",
    "sokoto state": "ولاية صكتو",
    "solomon islands": "جزر سليمان",
    "somalia": "الصومال",
    "somaliland": "صوماليلاند",
    "song dynasty": "سلالة سونغ الحاكمة",
    "song": "أغنية",
    "songhai empire": "صنغاي",
    "sonora": "ولاية سونورا",
    "soran emirate": "سورانيون",
    "south africa": "جنوب إفريقيا",
    "south australia": "جنوب أستراليا",
    "south baden": "بادن الجنوبية",
    "south carolina": "كارولاينا الجنوبية",
    "south dakota": "داكوتا الجنوبية",
    "south darfur": "جنوب دارفور",
    "south kordofan": "جنوب كردفان",
    "south korea": "كوريا الجنوبية",
    "south ossetia-alania": "أوسيتيا الجنوبية",
    "south sudan": "جنوب السودان",
    "south vietnam": "فيتنام الجنوبية",
    "south yemen": "جمهورية اليمن الديمقراطية الشعبية",
    "south-west africa": "جنوب غرب إفريقيا",
    "southwestern somalia": "جنوب غرب الصومال",
    "sovereign principality of the united netherlands": "الإمارة السيادية للأراضي المنخفضة المتحدة",
    "soviet russia": "الجمهورية الروسية السوفيتية الاتحادية الاشتراكية",
    "soviet socialist republic": "جمهوريات الاتحاد السوفيتي",
    "soviet union": "الاتحاد السوفيتي",
    "spain under the restoration": "إسبانيا تحت الإستعادة",
    "spain": "إسبانيا",
    "spanish empire": "الإمبراطورية الإسبانية",
    "spanish netherlands": "هولندا الإسبانية",
    "spanish sahara": "الصحراء الإسبانية",
    "sparta": "أسبرطة",
    "sri lanka": "سريلانكا",
    "srivijaya": "سريفيجايا",
    "state of aleppo": "دولة حلب",
    "state of damascus": "دولة دمشق",
    "state of malta": "دولة مالطا",
    "state of palestine": "دولة فلسطين",
    "state of slovenes, croats and serbs": "دولة السلوفينيين والكروات والصرب",
    "state of syria": "الدولة السورية",
    "state of vietnam": "دولة فيتنام",
    "stavropol krai": "ستافروبول كراي",
    "styria": "شتايرمارك",
    "subartu": "سوبارتو",
    "subeihi": "سلطنة الصبيحي",
    "suebi": "سويبيون",
    "sui dynasty": "مملكة سوي",
    "sukhothai kingdom": "مملكة سوكوتاي",
    "sultanate of banjar": "سلطنة بنجر",
    "sultanate of darfur": "سلطنة دارفور",
    "sultanate of deli": "سلطنة دلي",
    "sultanate of egypt": "سلطنة مصر",
    "sultanate of hobyo": "سلطنة هوبيو",
    "sultanate of lahej": "سلطنة لحج",
    "sultanate of maguindanao": "سلطنة ماغويندناو",
    "sultanate of nejd": "سلطنة نجد",
    "sultanate of oman and muscat": "سلطنة مسقط وعُمان",
    "sultanate of rum": "سلاجقة الروم",
    "sultanate of sambas": "سلطنة سمباس",
    "sultanate of siak sri indrapura": "سلطنة سياك سري إندرابورا",
    "sultanate of sulu": "سلطنة سولك",
    "sultanate of tidore": "سلطنة تيدور",
    "sultanate of zanzibar": "سلطنة زنجبار",
    "sumer": "سومر",
    "surakarta sunanate": "سلطنة سوراكارتا",
    "suriname": "سورينام",
    "susa": "شوشان",
    "sverdlovsk oblast": "أوبلاست سفردلوفسك",
    "swaziland": "سوازيلاند",
    "sweden": "السويد",
    "swedish empire": "الإمبراطورية السويدية",
    "switzerland": "سويسرا",
    "syria": "سوريا",
    "syrian republic": "الجمهورية السورية الأولى",
    "são paulo": "ساو باولو",
    "são tomé and príncipe": "ساو تومي وبرينسيب",
    "tabasco": "تاباسكو",
    "tahiride": "الدولة الطاهرية",
    "taifa of niebla": "طائفة لبلة",
    "taifa of orihuela": "طائفة أريولة",
    "taifa of seville": "طائفة اشبيلية",
    "taifa of toledo": "طائفة طليطلة",
    "taifa of zaragoza": "طائفة سرقسطة",
    "taiwan": "تايوان",
    "tajik soviet socialist republic": "جمهورية طاجيكستان السوفيتية الاشتراكية",
    "tajikistan": "طاجيكستان",
    "tamaulipas": "ولاية تاماوليباس",
    "tambov oblast": "تامبوف أوبلاست",
    "tamil eelam": "إيلام التاميلية",
    "tamil nadu": "تامل نادو",
    "tang dynasty": "سلالة تانغ الحاكمة",
    "tanganyika": "تنجانيقا",
    "tanzania": "تنزانيا",
    "taraba state": "ولاية ترابة",
    "tartessos": "تارتيسوس",
    "tasmania": "تسمانيا",
    "taungoo dynasty": "سلالة تاونغو",
    "taungoo": "تاونغو",
    "tavolara island": "تافولارا",
    "telangana": "تيلانغانا",
    "tennessee": "تينيسي",
    "tenochtitlan": "تينوتشتيتلان",
    "terengganu": "ترغكانو",
    "ternate sultanate": "سلطنة تيرنات",
    "texas": "تكساس",
    "thailand": "تايلاند",
    "the arab world": "الوطن العربي",
    "the bahamas": "باهاماس",
    "the grand duchy of moscow": "دوقية موسكو الكبرى",
    "the hawf area": "محمية حوف",
    "thespiae": "ثيسبياي",
    "third czechoslovak republic": "الجمهورية التشيكوسلوفاكية الثالثة",
    "thonburi kingdom": "مملكة ثونبوري",
    "three kingdoms of korea": "ممالك كوريا الثلاث",
    "thuringia": "تورينغن",
    "tibetan empire": "الإمبراطورية التبتية",
    "timurid empire": "الدولة التيمورية",
    "tlacopan": "تلاکوبان",
    "tlaxcala": "ولاية تلاكسكالا",
    "tocantins": "توكانتينس",
    "togo": "توغو",
    "tokugawa shogunate": "شوغونية توكوغاوا",
    "tokyo": "طوكيو",
    "tomsk oblast": "تومسك أوبلاست",
    "tonga": "تونغا",
    "tonk state": "إمارة تونك",
    "toucouleur empire": "سلطنة توكولير",
    "transcaucasian democratic federative republic": "الجمهورية الترانسقوقازية الديمقراطية الإتحادية",
    "transcaucasian socialist federative soviet republic": "جمهورية ما وراء القوقاز السوفيتية الاشتراكية",
    "transjordan": "إمارة شرق الأردن",
    "transnistria": "ترانسنيستريا",
    "travancore": "ترافنكور",
    "trinidad and tobago": "ترينيداد وتوباغو",
    "tripura": "ترايبورا",
    "trucial states": "إمارات الساحل المتصالح",
    "trujillo": "تروخيو",
    "tsardom of russia": "روسيا القيصرية",
    "tula oblast": "تولا أوبلاست",
    "tulunids": "الدولة الطولونية",
    "turgesh": "تورجش",
    "turkey": "تركيا",
    "turkic khaganate": "خانية غوك تورك",
    "turkish republic of northern cyprus": "قبرص الشمالية",
    "turkmen soviet socialist republic": "جمهورية تركمان السوفيتية الاشتراكية",
    "turkmenistan": "تركمانستان",
    "tuva republic": "توفا",
    "tuvalu": "توفالو",
    "tuvan people's republic": "جمهورية توفا الشعبية",
    "tver oblast": "تفير أوبلاست",
    "tyrol": "تيرول",
    "tyumen oblast": "تيومين أوبلاست",
    "táchira": "ولاية تاتشيرا",
    "türks (kök)": "غوكتورك",
    "udmurt republic": "أودمورتيا",
    "uganda": "أوغندا",
    "ugarit": "أوغاريت",
    "ukraine": "أوكرانيا",
    "ukrainian national government": "الحكومة الوطنية الأوكرانية",
    "ukrainian people's republic": "جمهورية أوكرانيا الشعبية",
    "ukrainian soviet socialist republic": "جمهورية أوكرانيا السوفيتية الاشتراكية",
    "ulyanovsk oblast": "أوليانوفسك أوبلاست",
    "umayyad caliphate": "الدولة الأموية",
    "umm al-quwain": "أم القيوين",
    "unaizah": "محافظة عنيزة",
    "unified silla": "شلا الموحدة",
    "union between sweden and norway": "الاتحاد بين السويد والنرويج",
    "union of south africa": "اتحاد جنوب إفريقيا",
    "union": "الإتحاد",
    "united arab emirates": "الإمارات العربية المتحدة",
    "united arab republic": "الجمهورية العربية المتحدة",
    "united arab states": "الدول العربية المتحدة",
    "united kingdom of the netherlands": "مملكة الأراضي المنخفضة المتحدة",
    "united kingdom": "المملكة المتحدة",
    "united principalities": "الممالك المتحدة",
    "united provinces of central italy": "المقاطعات المتحدة في إيطاليا الوسطى",
    "united provinces of the río de la plata": "إتحاد محافظات ريو دي لا بلاتا",
    "united states of america": "الولايات المتحدة الأمريكية",
    "united states of belgium": "الولايات المتحدة البلجيكية",
    "united states of colombia": "الولايات المتحدة الكولومبية",
    "united states-of america": "الولايات المتحدة الأمريكية",
    "united states-of belgium": "الولايات المتحدة البلجيكية",
    "united states-of colombia": "الولايات المتحدة الكولومبية",
    "unity": "الوحدة",
    "upper aulaqi sheikhdom": "مشيخة العوالق العليا",
    "upper aulaqi sultanate": "سلطنة العوالق العليا",
    "upper austria": "النمسا العليا",
    "upper nile": "أعالي النيل",
    "upper yafa": "سلطنة يافع العليا",
    "urartu": "أورارتو",
    "uruguay": "الأوروغواي",
    "utah": "يوتا",
    "uttar pradesh": "أتر برديش",
    "uttarakhand": "أوتاراخند",
    "uyghur khaganate": "خاقانية الأويغور",
    "uyunid emirate": "عيونيون",
    "uzbek soviet socialist republic": "جمهورية أوزبكستان السوفيتية الاشتراكية",
    "uzbekistan": "أوزبكستان",
    "vandal kingdom": "المملكة الوندالية",
    "vandals": "وندال",
    "vanuatu": "فانواتو",
    "vargas": "فارغاس",
    "vatican city": "الفاتيكان",
    "venda": "فندا",
    "venezuela": "فنزويلا",
    "veracruz": "ولاية فيراكروز",
    "vermont": "فيرمونت",
    "vichy france": "فرنسا الفيشية",
    "victoria": "فيكتوريا",
    "vienna": "فيينا",
    "vietnam": "فيتنام",
    "vijayanagara empire": "إمبراطورية فيجاياناغارا",
    "virginia": "فرجينيا",
    "visigothic kingdom": "مملكة القوط",
    "vladimir oblast": "فلاديمير أوبلاست",
    "vladimir-suzdal principality": "فلاديمير سوزدال",
    "volga bulgaria": "فولغا بلغاريا",
    "volgograd oblast": "فولغوغراد أوبلاست",
    "vologda oblast": "فولوغدا أوبلاست",
    "vorarlberg": "فورآرلبرغ",
    "voronezh oblast": "فورونيج أوبلاست",
    "vungu": "فانغ",
    "wahidi azzan": "سلطنة الواحدي في عزان",
    "wahidi balhaf": "سلطنة الواحدي في بالحاف",
    "wahidi bir ali": "ولاية الواحدي في بير علي",
    "wahidi haban": "سلطنة الواحدي في حبان",
    "wahidi": "السلطنة الواحدية",
    "waldeck": "فالدك",
    "wales": "ويلز",
    "wallachia": "الأفلاق",
    "warrap": "واراب",
    "warsangali sultanate": "سلطنة ورسنجلي",
    "washington": "واشنطن",
    "weimar republic": "جمهورية فايمار",
    "west bengal": "بنغال الغربية",
    "west darfur": "غرب دارفور",
    "west francia": "مملكة الفرنجة الغربيين",
    "west germany": "ألمانيا الغربية",
    "west indies federation": "اتحاد جزر الهند الغربية",
    "west kurdufan": "ولاية غرب كردفان",
    "west ukrainian people's republic": "جمهورية غرب أوكرانيا الشعبية",
    "west virginia": "فيرجينيا الغربية",
    "western australia": "أستراليا الغربية",
    "western bahr el ghazal": "غرب بحر الغزال",
    "western equatoria": "غرب الاستوائية",
    "western roman empire": "الإمبراطورية الرومانية الغربية",
    "western xia": "أسرة سيا الغربية",
    "wetzlar": "فتسلار",
    "white nile": "النيل الأبيض",
    "white serbia": "صربيا البيضاء",
    "wiman joseon": "ومان جوسون",
    "wisconsin": "ويسكونسن",
    "wyoming": "وايومنغ",
    "württemberg-baden": "فورتمبيرغ-بادن",
    "württemberg-hohenzollern": "فورتمبيرغ-هوهنزولرن",
    "xia dynasty": "أسرة شيا",
    "xian": "شيان",
    "yamalo-nenets autonomous okrug": "أوكروغ يامالو-نينيتس الذاتية",
    "yamataikoku": "ياماتاي",
    "yamhad": "يمحاض",
    "yaracuy": "ياراكوي",
    "yaroslavl oblast": "ياروسلافل أوبلاست",
    "yemen arab republic": "الجمهورية العربية اليمنية",
    "yemen": "اليمن",
    "yobe state": "ولاية يوبي",
    "yogyakarta sultanate": "سلطنة يوجياكرتا",
    "yuan dynasty": "مملكة يوان",
    "yucatán": "ولاية يوكاتان",
    "yugoslavia": "يوغوسلافيا",
    "zabaykalsky krai": "زابايكالسكي كراي",
    "zacatecas": "ولاية زاكاتيكاس",
    "zaire": "زائير",
    "zambia": "زامبيا",
    "zamfara state": "ولاية زامفارة",
    "zand dynasty": "الدولة الزندية",
    "zanzibar": "زنجبار",
    "zayyanid dynasty": "زيانيون",
    "zengid dynasty": "زنكيون",
    "zhou dynasty": "أسرة زو",
    "zimbabwe": "زيمبابوي",
    "zirid dynasty": "زيريون",
    "zulia": "زوليا",
    "zulu kingdom": "مملكة الزولو",
    "zunghar khanate": "خانات زونغار",
    "épinoy": "إبينوي",
    "고려당": "مملكة غوريو"
}
