{
    "'asir region": "منطقة عسير",
    "abra (province)": "أبرا",
    "absheron district": "مقاطعة آبشوران",
    "achaea": "آخايا",
    "acquaviva (san marino)": "أكوافيفا",
    "acre (state)": "أكري",
    "ad dhahirah north governorate": "محافظة الظاهرة",
    "adamawa region": "محافظة آداماوا",
    "adana province": "محافظة أضنة",
    "adana vilayet": "ولاية أضنة",
    "aden governorate": "محافظة عدن",
    "adrianople vilayet": "ولاية أدرنة",
    "adygea": "أديغيا",
    "adélie land": "أرض أديلي",
    "adıyaman province": "أديامان",
    "aetolia-acarnania": "إيتوليا-أكارنانيا",
    "afar region": "منطقة عفر",
    "afyonkarahisar province": "محافظة أفيون قره حصار",
    "agdam district": "مقاطعة آقدام",
    "agdash district": "مقاطعة آقداش",
    "aghjabadi district": "مقاطعة آقجبدي",
    "aglona municipality": "بلدية أغلونا",
    "agstafa district": "مقاطعة آقستافا",
    "agsu district": "مقاطعة أقسو",
    "ahal province": "اقليم أهال",
    "ahuachapán department": "إدارة أهواشابان",
    "aidin vilayet": "ولاية آيدين",
    "aileu district": "بلدية ايلو",
    "aimeliik": "ولاية أيميليك",
    "ainaro district": "بلدية إينارو",
    "airai": "ولاية أيراي",
    "aizpute municipality": "بلدية آيزبوته",
    "ajloun governorate": "محافظة عجلون",
    "ajman": "عجمان",
    "akershus": "آكرشوس",
    "aksaray province": "آق سراي (محافظة)",
    "aktobe region": "أوبليس أكتوبي",
    "al bahah province": "منطقة الباحة",
    "al bayda governorate": "محافظة البيضاء (اليمن)",
    "al jawf governorate": "محافظة الجوف (اليمن)",
    "al jawf province": "منطقة الجوف",
    "al jazirah (state)": "ولاية الجزيرة",
    "al madinah province": "منطقة المدينة المنورة",
    "al mahwit governorate": "محافظة المحويت",
    "al qadarif (state)": "ولاية القضارف",
    "al wahat district": "شعبية الواحات",
    "al wusta governorate (oman)": "محافظة الوسطى",
    "al-hasakah governorate": "محافظة الحسكة",
    "al-qassim province": "منطقة القصيم",
    "alajuela province": "الأخويلا (محافظة)",
    "alba county": "إقليم ألبا",
    "alborz province": "محافظة ألبرز",
    "aleppo governorate": "محافظة حلب",
    "aleppo vilayet": "ولاية حلب",
    "alibori department": "إدارة أليبوري",
    "almaty region": "أوبليس ألماتي",
    "alsace": "ألزاس",
    "alto paraguay department": "إدارة ألتو باراغواي",
    "alto paraná department": "ألتو بارانا",
    "alytus county": "مقاطعة أليتس",
    "amambay department": "إدارة امامباي",
    "amasya province": "محافظة أماصيا",
    "amazonas (brazilian state)": "الأمازون (ولاية)",
    "amazonas (venezuelan state)": "ولاية آمازون",
    "amazonas department": "إدارة أمازوناس",
    "amhara region": "أمهرة",
    "amman governorate": "محافظة عمان",
    "amnat charoen province": "محافظة أمنات تشاروين",
    "an giang province": "محافظة أن زانغ",
    "andros": "أندروس",
    "ang thong province": "محافظة أنغ ثونغ",
    "angaur": "أنغاور",
    "anhui": "آنهوي",
    "ankara province": "محافظة أنقرة",
    "ankara vilayet": "ولاية أنقرة",
    "anseba region": "إقليم أنسبا",
    "antalya province": "محافظة أنطاليا",
    "antioquia department": "إدارة أنتيوكيا",
    "antique (province)": "آنتيك (محافظة)",
    "antofagasta region": "إقليم أنتوفاغاستا",
    "aqaba governorate": "محافظة العقبة",
    "aquitaine": "آكيتين",
    "arad county": "مقاطعة أراد",
    "ararat province": "أرارات (محافظة)",
    "arauca department": "إدارة أروكا",
    "archipelago of san andrés, providencia and santa catalina": "إدارة أرخبيل سان أندريس",
    "ardabil province": "محافظة أردبيل",
    "ardahan province": "محافظة أردهان",
    "argeș county": "مقاطعة أرغيس",
    "argolis": "أرغوليذا",
    "arica y parinacota region": "إقليم أريكا وبارينكوتا",
    "arkhangai province": "محافظة أرخانغاي",
    "armavir province": "محافظة آرماوير",
    "artibonite (department)": "أرتيبونيت (إدارة)",
    "artigas department": "إدارة أرتيغاس",
    "artvin province": "محافظة أرتوين",
    "as-suwayda governorate": "محافظة السويداء",
    "ashmore and cartier islands": "جزر أشمور وكارتيير",
    "astara district": "مقاطعة آستارا",
    "atacama region": "إقليم أتاكاما",
    "atakora department": "إدارة أتاكورا",
    "atlantique department": "إدارة أتلانتيك",
    "atlántida department": "إدارة أتلانتيدا",
    "atyrau region": "مقاطعة أتيراو",
    "auckland region": "إقليم أوكلاند",
    "aurora (province)": "أورورا",
    "aust-agder": "أوست أغدر",
    "australian antarctic territory": "الإقليم الأسترالي في القارة القطبية الجنوبية",
    "australian capital territory": "إقليم العاصمة الأسترالية",
    "australian indian ocean territories": "أقاليم المحيط الهندي الأسترالية",
    "auvergne": "أوفرن",
    "auvergne-rhône-alpes": "أوفيرني-رون ألب",
    "aydın province": "محافظة أيدين",
    "ayeyarwady region": "مقاطعة أيياروادي",
    "aysén region": "إقليم آيسن",
    "azua province": "محافظة أزوا",
    "ağrı province": "أغري (محافظة)",
    "babek district": "مقاطعة بابيك",
    "bac giang province": "محافظة باك زانغ",
    "bac kan province": "محافظة باك كان",
    "bac lieu province": "مقاطعة باك ليو",
    "bac ninh province": "مقاطعة باك ننه",
    "bacău county": "إقليم باكاو",
    "badakhshan province": "ولاية بدخشان",
    "badghis province": "ولاية بادغيس",
    "baghlan province": "ولاية بغلان",
    "bago region": "باغو",
    "bakool": "باكول",
    "baldone municipality": "بلدية بالدون",
    "balkan region": "ولاية بلقان",
    "balkh province": "ولاية بلخ",
    "balochistan": "بلوشستان",
    "balqa governorate": "محافظة البلقاء",
    "balvi municipality": "بلدية بالفي",
    "balzan": "بالزان",
    "balıkesir province": "محافظة بالق أسير",
    "bamyan province": "ولاية باميان",
    "banaadir": "بنادر",
    "bangka-belitung islands": "بانغكا - بليتونغ",
    "banská bystrica region": "إقليم بانسكا بيستريتسا",
    "banteay meanchey province": "محافظة بانتياي مينتشي",
    "baoruco province": "محافظة باهوروكو",
    "barahona province": "محافظة باراهونا",
    "baranya county": "مقاطعة بارانيا",
    "barbuda": "باربودا",
    "barda district": "مقاطعة بردعة",
    "bari, somalia": "باري",
    "barima-waini": "باريما - ويني",
    "barinas (state)": "ولاية باريناس",
    "barisal division": "محافظة باريسال",
    "bartın province": "محافظة بارتين",
    "bashkortostan": "باشكورتوستان",
    "basque country (autonomous community)": "منطقة الباسك ذاتية الحكم",
    "batken region": "باتكين أوبلاستي",
    "batman province": "بطمان (محافظة)",
    "battambang province": "محافظة باتامبانغ",
    "baucau district": "بلدية بوكاو",
    "bay islands department": "إدارة جزر الخليج",
    "bay of plenty region": "إقليم خليج بانتي",
    "bay, somalia": "باي (الصومال)",
    "bayan-ölgii province": "محافظة بايان-أولجي",
    "bayankhongor province": "محافظة بايانخونغور",
    "bayburt province": "محافظة بايبورت",
    "belait district": "مقاطعة بيلايت",
    "ben tre province": "محافظة بن تشي",
    "benishangul-gumuz region": "بنيشنقول-قماز",
    "berry islands": "جزر بيري",
    "beylagan district": "مقاطعة بيلقان",
    "bihor county": "مقاطعة بيهور",
    "bilasuvar district": "مقاطعة بيلاسوار",
    "bilecik province": "محافظة بيله جك",
    "bingöl province": "بينكل (محافظة)",
    "biombo region": "إقليم بيومبو",
    "bistrița-năsăud county": "مقاطعة بيستريتا-ناسود",
    "bitlis province": "محافظة بتليس",
    "bitlis vilayet": "ولاية بدليس",
    "bjelovar-bilogora county": "مقاطعة بيلوفار-بيلوغورا",
    "blagoevgrad province": "مقاطعة بلاغويفغراد",
    "blekinge county": "مقاطعة بليكينغه",
    "blue nile (state)": "ولاية النيل الأزرق",
    "boaco department": "إدارة بواكو",
    "bobonaro district": "بلدية بوبونارو",
    "boeotia": "بيوتيا",
    "boké region": "إقليم بوكيه",
    "bolama region": "إقليم بولاما",
    "bolu province": "بولو (محافظة)",
    "bolívar (state)": "ولاية بوليفار",
    "bolívar department": "إدارة بوليفار",
    "bomi county": "مقاطعة بومي",
    "bong county": "مقاطعة بونغ",
    "boquerón department": "مقاطعة بوكويرون",
    "borgo maggiore": "بورغو ماجيوري",
    "borgou department": "إدارة بورغو",
    "borsod-abaúj-zemplén county": "مقاطعة بورسود-آبائوي-زمبلن",
    "botoșani county": "إقليم بوتوشان",
    "boucle du mouhoun region": "بوكل دو موهون",
    "bouenza department": "إدارة بوينزا",
    "bourgogne-franche-comté": "بورغوني- فرانش كومتيه",
    "boyacá department": "إدارة بوياكا",
    "bratislava region": "إقليم براتيسلافا",
    "brașov county": "مقاطعة براسوف",
    "brest region": "منطقة برست",
    "brod-posavina county": "مقاطعة برود-بوسافينا",
    "brokopondo district": "ضاحية بروكوبوندو",
    "brunei-muara district": "مقاطعة بروناي - موارا",
    "brăila county": "مقاطعة برايلا",
    "bubanza province": "مقاطعة بوبانزا",
    "bueng kan province": "بوينغ كان",
    "bulgan province": "محافظة بولغان",
    "burdur province": "محافظة بوردور",
    "burgas province": "مقاطعة بورغاس",
    "burgundy": "منطقة بورغندي",
    "buriram province": "محافظة بوريرام",
    "bursa province": "محافظة بورصة",
    "bururi province": "محافظة بوروري",
    "buryatia": "بورياتيا",
    "bushehr province": "محافظة بوشهر",
    "buskerud": "بوسكرود",
    "buzău county": "إقليم بوزاو",
    "bács-kiskun county": "مقاطعة باتش-كيشكون",
    "béja governorate": "ولاية باجة",
    "békés county": "مقاطعة بكيش",
    "bío bío region": "إقليم بيو بيو",
    "ca mau province": "محافظة كا ماو",
    "caaguazú department": "كاغوازو",
    "caazapá department": "كازابا",
    "cabañas department": "إدارة كاباناس",
    "cabo delgado province": "محافظة كابو ديلغادو",
    "calabria": "كالابريا",
    "caldas department": "إدارة كالداس",
    "canelones department": "إدارة كانيلونيس",
    "canindeyú department": "إدارة كانينديو",
    "cankuzo province": "محافظة كانكوزو",
    "canterbury, new zealand": "كانتربيري - نيوزلندا",
    "cao bang province": "مقاطعة كاو بانج",
    "capital region of denmark": "إقليم هوفدستادن",
    "caquetá department": "إدارة كاكيتا",
    "carazo department": "إدارة كارازو",
    "caraș-severin county": "مقاطعة كاراس-سيفيرين",
    "carinthia (state)": "كيرنتن",
    "cartago province": "كارتاغو",
    "casanare department": "إدارة كاساناري",
    "cascades region": "الشالالات",
    "castilla-la mancha": "قشتالة-لا مانتشا",
    "cat island, bahamas": "جزيرة كات",
    "cauca department": "إدارة كاوكا",
    "cayo district": "مقاطعة كايو",
    "central athens (regional unit)": "وسط أثينا",
    "central denmark region": "إقليم ميديولند",
    "central department": "الإدارة المركزية",
    "central district (botswana)": "المقاطعة المركزية",
    "central district (israel)": "المنطقة الوسطى (إسرائيل)",
    "central finland": "فنلندا الوسطى",
    "central greece": "وسط اليونان",
    "central java": "جاوة الوسطى",
    "central kalimantan": "كالمنتان الوسطى",
    "central macedonia": "إقليم مقدونيا الوسطى",
    "central ostrobothnia": "بوهيانما الوسطى",
    "central province, zambia": "المحافظة الوسطى (زامبيا)",
    "central region (eritrea)": "المنطقة المركزية (إرتريا)",
    "central sulawesi": "سولاوسي الوسطى",
    "centre (department)": "الإدارة الوسطى (هايتي)",
    "centre-nord region": "الوسط شمالي",
    "centre-ouest region": "وسط كويست",
    "centre-sud region": "الوسط الجنوبي",
    "cerro largo department": "سيرو لاغو",
    "cesar department": "إدارة سيزار",
    "chachoengsao province": "محافظة شاشوينجساو",
    "chaharmahal and bakhtiari province": "محافظة تشهارمحال وبختياري",
    "chaiyaphum province": "محافظة تشايافوم",
    "champagne-ardenne": "شامبان أردان",
    "chania (regional unit)": "خانيا (مقاطعة)",
    "chanthaburi province": "محافظة تشانثابوري",
    "cherkasy oblast": "تشيركاسي أوبلاست",
    "chernihiv oblast": "تشرنيهيف أوبلاست",
    "chernivtsi oblast": "تشيرنيفتسي أوبلاست",
    "chiang mai province": "محافظة تشيانغ مي",
    "chiang rai province": "تشيانغ ري (محافظة)",
    "chiesanuova": "تشيسانوفا",
    "chihuahua (state)": "شيواوا (ولاية)",
    "chinandega department": "إدارة تشينانديجا",
    "chittagong division": "محافظة تشيتاغونغ",
    "chocó department": "إدارة تشوكو",
    "choluteca department": "إدارة تشولوتيكا",
    "chonburi province": "محافظة تشونبوري",
    "chontales department": "إدارة تشونتاليس",
    "chubut province": "تشوبوت (محافظة)",
    "chumphon province": "محافظة تشومفون",
    "chuquisaca department": "إدارة شوكيساكا (بوليفيا)",
    "chuvashia": "تشوفاشيا",
    "chuy region": "تشوي أوبلاستي",
    "cibitoke province": "محافظة سيبيتوك",
    "cluj county": "مقاطعة كلوج",
    "cochabamba department": "إدارة كوتشابامبا",
    "cojedes (state)": "كويديس",
    "collines department": "إدارة كولاينيس",
    "colonia department": "إدارة كولونيا",
    "colón department (honduras)": "إدارة كولون",
    "commewijne district": "ضاحية كوميويجني",
    "constanța county": "مدن كونستانتسا",
    "copán department": "إدارة كوبان",
    "coral sea islands": "جزر بحر المرجان",
    "cordillera department": "كورديليرا",
    "corfu (regional unit)": "كورفو (مقاطعة)",
    "corinthia": "كورينثيا",
    "coronie district": "ضاحية كوروني",
    "corozal district": "مقاطعة كوروزال",
    "corrientes province": "محافظة كوريينتس",
    "cortés department": "إدارة كورتيس",
    "county carlow": "مقاطعة كارلو",
    "county cavan": "مقاطعة كافان",
    "county clare": "مقاطعة كلير",
    "county kerry": "مقاطعة كري",
    "county kilkenny": "مقاطعة كيلكيني",
    "county longford": "مقاطعة لونجفورد",
    "county louth": "مقاطعة لاوث",
    "county monaghan": "مقاطعة موناغان",
    "county offaly": "مقاطعة أوفالي",
    "county tipperary": "مقاطعة تيبيراري",
    "county waterford": "مقاطعة وترفورد",
    "county westmeath": "مقاطعة وستميث",
    "county wexford": "مقاطعة وكسفورد",
    "county wicklow": "مقاطعة ويكلاو",
    "cova lima district": "بلدية كوفا ليما",
    "covasna county": "مقاطعة كوفاسنا",
    "csongrád county": "مقاطعة تشونغراد",
    "cuanza sul province": "مقاطعة كوانزا سول",
    "cundinamarca department": "إدارة كونديناماركا",
    "cuscatlán department": "إدارة كوسكاتلان",
    "cuvette department": "إدارة كوفيت",
    "cuvette-ouest department": "أدارة كوفيت-كويست",
    "cuyuni-mazaruni": "كويوني مازاروني",
    "córdoba department": "إدارة قرطبة",
    "córdoba province, argentina": "محافظة كوردوبا (الأرجنتين)",
    "călărași county": "مقاطعة كالاراسي",
    "daejeon": "دايجون",
    "dagestan": "داغستان",
    "dak lak province": "محافظة داك لاك",
    "dak nong province": "مقاطعة داك نانج",
    "dakar region": "داكار",
    "dakhla-oued ed-dahab": "جهة الداخلة وادي الذهب",
    "dakhlet nouadhibou region": "داخلة نواذيبو",
    "dalarna county": "مقاطعة دالارنا",
    "damascus governorate": "محافظة دمشق",
    "daraa governorate": "محافظة درعا",
    "darkhan-uul province": "مقاطعة درخان-وول",
    "dashkasan district": "مقاطعة داشكاسان",
    "daykundi province": "ولاية دايكندي",
    "daşoguz province": "ولاية داشوغوز",
    "deir ez-zor governorate": "محافظة دير الزور",
    "demerara-mahaica": "ديميرارا-مهايكا",
    "denizli province": "دنيزلي (محافظة)",
    "dhaka division": "محافظة دكا",
    "dhale governorate": "محافظة الضالع",
    "diekirch district": "مقاطعة ديكرش",
    "diekirch": "ديكيرش",
    "dien bien province": "محافظة دين بين",
    "dili": "ديلي",
    "dingli": "دينغلي",
    "disputed territories": "مناطق نزاع",
    "district of mitrovica": "مقاطعة كوسوفسكا ميتروفيتشا",
    "districts of republican subordination": "مقاطعات التبعية الجمهوري",
    "diyarbakır province": "دياربكر (محافظة)",
    "diyarbekir vilayet": "ولاية ديار بكر",
    "dnipropetrovsk oblast": "دنيبروبتروفسك أوبلاست",
    "dobrich province": "مقاطعة دوبريتش",
    "dolj county": "مقاطعة دولج",
    "domagnano": "دومانيانو",
    "donetsk oblast": "أوبلاست دونيتسك",
    "dong nai province": "مقاطعة دونج ناي",
    "donga department": "إدارة دونغا",
    "dornod province": "مقاطعة دورنود",
    "dornogovi province": "مقاطعة دورنوغوفي",
    "drama (regional unit)": "دراما (مقاطعة)",
    "duarte province": "مقاطعة دوارتي",
    "dubrovnik-neretva county": "مقاطعة دوبروفنيك-نيريتفا",
    "duchy of guelders": "دوقية غيلدرس",
    "dundgovi province": "محافظة دوندغوفي",
    "durazno department": "إدارة دورازنو",
    "dâmbovița county": "مقاطعة دامبوفيتا",
    "düzce province": "محافظة دوزجه",
    "east attica": "أتيكا الشرقية",
    "east azerbaijan province": "محافظة أذربيجان الشرقية",
    "east berbice-corentyne": "شرق بيربيس-كورنتين",
    "east kazakhstan region": "أوبليس كازاخستان الشرقي",
    "east nusa tenggara": "نوسا تنقارا الشرقية",
    "east region (cameroon)": "الشرق",
    "eastern cape": "كيب الشرقية",
    "eastern macedonia and thrace": "إقليم مقدونيا الشرقية وتراقيا",
    "eastern province, saudi arabia": "المنطقة الشرقية",
    "eastern province, sierra leone": "المحافظة الشرقية",
    "edirne province": "محافظة أدرنة",
    "el paraíso department": "إدارة بارايسو",
    "el seibo province": "مقاطعة إلسيبو",
    "elías piña province": "محافظة إلياس بينيا",
    "emirate of abu dhabi": "إمارة أبوظبي",
    "emirate of sharjah": "إمارة الشارقة",
    "engure municipality": "بلدية إنغور",
    "epirus (region)": "إبيروس (إقليم)",
    "ermera district": "مقاطعة إرميرا",
    "erzincan province": "محافظة أرزينجان",
    "erzurum province": "محافظة أرضروم",
    "erzurum vilayet": "ولاية أرضروم",
    "eskişehir province": "محافظة إسكيشهر",
    "espaillat province": "محافظة إسبايلات",
    "essequibo islands-west demerara": "إقليم جزر ايسيكويبو غرب ديميرارا",
    "est region (burkina faso)": "الشرقي",
    "estelí department": "إدارة إستيلي",
    "euboea": "وابية",
    "exuma": "إكسوما",
    "faetano": "فيتانو",
    "famagusta district": "منطقة فاماغوستا",
    "far north region (cameroon)": "الشمال الأقصى",
    "farah province": "ولاية فراه",
    "fars province": "محافظة فارس",
    "fatick region": "إقليم فاتيك",
    "federal district (brazil)": "القطاع الفدرالي (البرازيل)",
    "federation of bosnia and herzegovina": "اتحاد البوسنة والهرسك",
    "fejér county": "مقاطعة فيير",
    "fingal": "مقاطعة فينغال",
    "finnmark": "فينمارك",
    "fiorentino": "فيورنتينو",
    "flores department": "إدارة فلوريس",
    "floriana": "فلوريانا",
    "florida department": "إدارة فلوريدا",
    "florina (regional unit)": "فلورينا (مقاطعة)",
    "fontana, gozo": "فونتانا",
    "franche-comté": "فرانش كومته",
    "francisco morazán department": "إدارة فرانسيسكو مورازان",
    "free state (province)": "فري ستيت",
    "fujian": "فوجيان",
    "fuzuli district": "مقاطعة فضولي",
    "gabrovo province": "مقاطعة غابروفو",
    "gabú region": "لإقلين غابو",
    "gadabay district": "مقاطعة غدابيغ",
    "galați county": "إقليم غالاتس",
    "galguduud": "محافظة جلجدود",
    "galicia (spain)": "جليقية",
    "gambela region": "جامبيلا",
    "gangwon province (south korea)": "مقاطعة غانغوون (كوريا الجنوبية)",
    "gansu": "قانسو",
    "gao region": "منطقة جاو",
    "garkalne municipality": "بلدية غاركالن",
    "gasa district": "مقاطعة غاسا",
    "gash-barka region": "إقليم غاش-باركا",
    "gauteng": "غاوتينغ",
    "gaza province": "محافظة غزة",
    "gaziantep province": "محافظة عنتاب",
    "gbarpolu county": "مقاطعة غباربولو",
    "gegharkunik province": "محافظة غغاركونيك",
    "ghanzi district": "مقاطعةغانزي",
    "ghazni province": "ولاية غزني",
    "ghor province": "ولاية غور",
    "gilan province": "محافظة غيلان",
    "giresun province": "غيرسون (محافظة)",
    "gitega province": "مقاطعة جيتيغا",
    "giurgiu county": "مقاطعة جورجيو",
    "gobustan district": "مقاطعة غوبوستان",
    "golestan province": "محافظة غلستان",
    "gomel region": "غومل أوبلاست",
    "goranboy district": "مقاطعة غورانبوي",
    "gorj county": "مقاطعة غورج",
    "gorno-badakhshan autonomous province": "مقاطعة بدخشان الجبلية ذاتية الحكم",
    "gorontalo (province)": "غورونتالو",
    "gotland county": "مقاطعة جوتلاندز",
    "govi-altai province": "مقاطعة غوفي-ألتاي",
    "govisümber province": "مقاطعة جوفيسومبر",
    "goychay district": "مقاطعة غويتشاي",
    "gracias a dios department": "إدارة غراسياس ديوس",
    "grand bassa county": "مقاطعة غراند باسا",
    "grand cape mount county": "مقاطعة غراند كيب ماونت",
    "grand est": "غراند إيست",
    "grand gedeh county": "مقاطعة غراند غيده",
    "grand kru county": "مقاطعة غراند كرو",
    "grand'anse (department)": "أنس الكبرى (إدارة)",
    "grevena (regional unit)": "غريفينا (مقاطعة)",
    "grevenmacher district": "مقاطعة غريفنماكر",
    "grevenmacher": "بلدية غريفينماتشير",
    "grobiņa municipality": "بلدية غروبيتا",
    "grodno region": "منطقة غرودنو",
    "groningen (province)": "مقاطعة خرونينغن",
    "guairá department": "غوايرا",
    "guanacaste province": "غواناكاسته",
    "guangdong": "غوانغدونغ",
    "guangxi": "قوانغشي",
    "guaviare department": "إدارة غوافياري",
    "gudja": "غوديا",
    "guizhou": "قويتشو",
    "guria": "غيوريا",
    "gwangju": "غوانغجو",
    "gyeonggi province": "مقاطعة غيونغي",
    "győr-moson-sopron county": "مقاطعة ديور-موشون-سوبرون",
    "gävleborg county": "مقاطعة يافلبورغ",
    "gümüşhane province": "كوموش خانة (محافظة)",
    "għajnsielem": "غوينزيلم",
    "għarb": "غارب",
    "għargħur": "عرعور",
    "għasri": "غاسري",
    "għaxaq": "غاكساق",
    "ha giang province": "مقاطعة ها جيانج",
    "ha nam province": "مقاطعة ها نام",
    "ha tay province": "مقاطعة ها تاي",
    "ha tinh province": "مقاطعة ها تنه",
    "ha'il province": "منطقة حائل",
    "hai duong province": "مقاطعة هاي دونج",
    "haifa district": "منطقة حيفا",
    "hainan": "هاينان",
    "hajdú-bihar county": "مقاطعة هايدو-بيهار",
    "hajigabul district": "مقاطعة هايغابول",
    "hajjah governorate": "محافظة حجة",
    "hakkâri province": "محافظة حكاري",
    "halland county": "محافظة هاللاند",
    "hama governorate": "محافظة حماة",
    "hamadan province": "محافظة همدان",
    "harari region": "إقليم هراري",
    "harghita county": "مقاطعة هارغيتا",
    "harju county": "مقاطعة هاريو",
    "hatay province": "محافظة هاتاي",
    "hato mayor province": "مقاطعة هاتو مايور",
    "hatohobei": "ولاية هاتوهوبي",
    "hau giang province": "محافظة هو زانغ",
    "hauts-de-france": "أوت دو فرانس",
    "hawke's bay region": "إقليم هاوكس باي",
    "heard island and mcdonald islands": "جزيرة هيرد وجزر ماكدونالد",
    "hebei": "خبي",
    "hedmark": "هدمارك",
    "heilongjiang": "هيلونغجيانغ",
    "helmand province": "ولاية هلمند",
    "henan": "مقاطعة خنان",
    "herat province": "ولاية هرات",
    "heredia province": "إيريذيا (محافظة)",
    "hermanas mirabal province": "مقاطعة هيرماناس ميرابال",
    "hesse-kassel": "لاندغريفية هسن كاسل",
    "heves county": "مقاطعة هفش",
    "hiiu county": "مقاطعة هيو",
    "hiran, somalia": "هيران",
    "hoa binh province": "محافظة هوا بنه",
    "homs governorate": "محافظة حمص",
    "hordaland": "هوردالاند",
    "hormozgan province": "محافظة هرمزغان",
    "house of nassau-siegen": "عائلة ناساو- سيخن",
    "howland island": "جزيرة هاولاند",
    "huila department": "إدارة هويلا",
    "hunan": "خونان",
    "hunedoara county": "مقاطعة هوندوارا",
    "hung yen province": "مقاطعة هونج ين",
    "hüdavendigâr vilayet": "ولاية خداوندكار",
    "ialomița county": "مقاطعة إيالوميتا",
    "iași county": "إقليم ياش",
    "ibb governorate": "محافظة إب",
    "ida-viru county": "مقاطعة إيدا فيرو",
    "idlib governorate": "محافظة إدلب",
    "iecava municipality": "بلدية إيكافا",
    "iklin": "إكلين",
    "ilam province": "محافظة عيلام",
    "ilfov county": "مقاطعة إلفوف",
    "ilūkste municipality": "بلدية يلوكسته",
    "imereti": "إيميريتي",
    "imishli district": "مقاطعة إيميشلي",
    "inagua": "إيناغوا",
    "independencia province": "محافظة الاستقلال",
    "inhambane province": "مقاطعة إنهامبان",
    "intibucá department": "إدارة إنتبوكا",
    "ioannina (regional unit)": "يانينة (مقاطعة)",
    "irbid governorate": "محافظة إربد",
    "isabela (province)": "ايزابلا (محافظة)",
    "isfahan province": "محافظة أصفهان",
    "islands (regional unit)": "جزر (أتيكا)",
    "ismailli district": "مقاطعة إسمايلي",
    "isparta province": "محافظة إسبرطة",
    "issyk-kul region": "ايسيك كول أوبلاستي",
    "istanbul province": "محافظة إسطنبول",
    "istria county": "مقاطعة إستريا",
    "itapúa department": "إيتابوا",
    "ivano-frankivsk oblast": "إيفانو فرانكيفسك أوبلاست",
    "izmir province": "محافظة إزمير",
    "iğdır province": "اغدير (محافظة)",
    "jabal al akhdar": "شعبية الجبل الأخضر",
    "jabal al gharbi district": "شعبية الجبل الغربي",
    "jabrayil district": "مقاطعة جبرائيل",
    "jalal-abad region": "جلال أباد أوبلاستي",
    "jalilabad district (azerbaijan)": "مقاطعة جليل‌ آباد",
    "jambi": "جمبي",
    "jambyl region": "أوبليس جامبيل",
    "jarvis island": "جزيرة جارفيس",
    "jeju province": "مقاطعة جيجو المستقلة الخاصة",
    "jendouba governorate": "ولاية جندوبة",
    "jerusalem district": "منطقة القدس",
    "jiangsu": "جيانغسو",
    "jiangxi": "جيانغشي",
    "jilin": "جيلين",
    "jinotega department": "جينوتيغا",
    "jizan province": "منطقة جازان",
    "johnston atoll": "جزيرة جونستون المرجانية",
    "jowzjan province": "ولاية جوزجان",
    "jufra district": "شعبية الجفرة",
    "julfa district": "حي جلفا",
    "jász-nagykun-szolnok county": "مقاطعة ياس-نادكون-سولنك",
    "jämtland county": "محافظة يمتلاند",
    "järva county": "مقاطعة يارفا",
    "jõgeva county": "مقاطعة يوجيفا",
    "jönköping county": "محافظة يونشوبينغ",
    "kabardino-balkaria": "قبردينو - بلقاريا",
    "kabul province": "ولاية كابل",
    "kaffrine region": "اقليم كفرين",
    "kahramanmaraş province": "قهرمان مرعش (محافظة)",
    "kainuu": "كاينو",
    "kairouan governorate": "ولاية القيروان",
    "kakheti": "كاخيتي",
    "kalasin province": "محافظة كالاسين",
    "kalbajar district": "مقاطعة كلبجر",
    "kalinga (province)": "كالينغا",
    "kalkara": "كالكارا",
    "kalmar county": "مقاطعة كالمار",
    "kalmykia": "كالميكيا",
    "kamphaeng phet province": "كامفاينغ فيت (محافظة)",
    "kampong cham province": "كامبونغ تشام",
    "kampong chhnang province": "مقاطعة كامبونغ تشنانغ",
    "kampong speu province": "محافظة كامبونغ سبيو",
    "kampong thom province": "محافظة كامبونغ ثوم",
    "kampot province": "محافظة كامبوت",
    "kanchanaburi province": "محافظة كانتشانابوري",
    "kandahar province": "ولاية قندهار",
    "kandal province": "محافظة كندال",
    "kangarli district": "كنقرلي",
    "kangwon province (north korea)": "مقاطعة كانغوون",
    "kankan region": "إقليم كانكان",
    "kaolack region": "كاولاك",
    "kapisa province": "ولاية كابيسا",
    "karabük province": "كارابوك (محافظة)",
    "karachay-cherkessia": "قراتشاي - تشيركيسيا",
    "karaganda region": "إقليم قراغندي",
    "karak governorate": "محافظة الكرك",
    "karaman province": "كارامان (محافظة)",
    "karbinci municipality": "كاربينتسي",
    "karditsa (regional unit)": "كارذيتسا (مقاطعة)",
    "kardzhali province": "مقاطعة كرجالي",
    "karlovac county": "مقاطعة كارلوفاتش",
    "kars province": "كارس (محافظة)",
    "karuzi province": "محافظة كاروزي",
    "kasai-occidental": "كاساي الغربية",
    "kasai-oriental": "كاساي الشرقية",
    "kassala (state)": "ولاية كسلا",
    "kasserine governorate": "ولاية القصرين",
    "kastamonu province": "قسطموني (محافظة)",
    "kastamonu vilayet": "ولاية قسطموني",
    "kastoria (regional unit)": "كاستوريا (مقاطعة)",
    "kaunas county": "مقاطعة كاوناس",
    "kayanza province": "مقاطعة كايانزا",
    "kayes region": "منطقة كايس",
    "kayseri province": "محافظة قيصري",
    "kebili governorate": "ولاية قبلي",
    "kef governorate": "ولاية الكاف",
    "kep province": "محافظة كيب",
    "kerman province": "محافظة كرمان",
    "kermanshah province": "محافظة كرمنشاه",
    "kgalagadi district": "مقاطعة كغالاجادي",
    "kgatleng district": "مقاطعة كغاتلنغ",
    "khachmaz district": "مقاطعة خاتشماز",
    "khakassia": "خقاسيا",
    "kharkiv oblast": "خاركوف أوبلاست",
    "khartoum (state)": "ولاية الخرطوم",
    "khatlon province": "محافظة خاتلون",
    "khentii province": "محافظة خنتي",
    "kherson oblast": "أوبلاست خيرسون",
    "khmelnytskyi oblast": "خملنيتسكي أوبلاست",
    "khojali district": "مقاطعة خوجالي",
    "khon kaen province": "محافظة خون كاين",
    "khost province": "ولاية خوست",
    "khulna division": "قسم خولنا",
    "khuzestan province": "محافظة خوزستان",
    "khyber pakhtunkhwa": "خيبر بختونخوا",
    "khövsgöl province": "مقاطعة خوفسغول",
    "kidal region": "منطقة كيدال",
    "kiev oblast": "كييف أوبلاست",
    "kilis province": "كلس (محافظة)",
    "kilkis (regional unit)": "كيلكيس (مقاطعة)",
    "kindia region": "إقليم كينديا",
    "kingman reef": "شعب كينغمان المرجانية",
    "kirkop": "كيركوب",
    "kirovohrad oblast": "كيروفوهراد أوبلاست",
    "kirundo province": "مقاطعة كيروندو",
    "klaipėda county": "مقاطعة كلايبيدا",
    "kocaeli province": "قوجه ايلي (محافظة)",
    "koh kong province": "محافظة كوه كونغ",
    "kohgiluyeh and boyer-ahmad province": "محافظة كهكيلويه وبوير أحمد",
    "kolda region": "كولدا",
    "komárom-esztergom county": "مقاطعة كوماروم-إستركوم",
    "kongo central": "الكونغو الوسطى",
    "konya province": "محافظة قونية",
    "konya vilayet": "ولاية قونية",
    "koprivnica-križevci county": "مقاطعة كوبريفنيكا-كريزفتسي",
    "koror": "كورور",
    "kostanay region": "أوبليس كوستناي",
    "kotayk province": "محافظة كوتايك",
    "kouffo department": "إدارة كوفو",
    "kouilou department": "إدارة كويلو",
    "koulikoro region": "منطقة كوليكورو",
    "kozani (regional unit)": "كوزاني (مقاطعة)",
    "košice region": "إقليم كوشيتسه",
    "krabi province": "محافظة كرابي",
    "krapina-zagorje county": "مقاطعة كرابينا زاغوريه",
    "kratié province": "محافظة كراتي",
    "kronoberg county": "محافظة كرونوبري",
    "kufra district": "شعبية الكفرة",
    "kunar province": "ولاية كنر",
    "kunduz province": "ولاية كندوز",
    "kurdamir district": "مقاطعة كوردامير",
    "kurdistan province": "محافظة كردستان",
    "kvemo kartli": "كفيمو كارتلي",
    "kwazulu-natal": "كوازولو ناتال",
    "kweneng district": "مقاطعة كويننغ",
    "kymenlaakso": "كومنلاكسو",
    "kyoto prefecture": "محافظة كيوتو",
    "kyzylorda region": "أوبليس كيزيلوردا",
    "kédougou region": "كيدوغو",
    "kütahya province": "محافظة كوتاهية",
    "kırklareli province": "قرقلر ايلي (محافظة)",
    "kırıkkale province": "قيريقكالي (محافظة)",
    "kırşehir province": "قرشهر (محافظة)",
    "la altagracia province": "مقاطعة لا ألتاغراسيا",
    "la araucanía region": "إقليم لا أروكينا",
    "la guajira department": "إدارة لا غواخيرا",
    "la libertad department (el salvador)": "إدارة لا ليبرتاد",
    "la pampa province": "محافظة لا بامبا",
    "la paz department (bolivia)": "إدارة لا باز",
    "la paz department (el salvador)": "إدارة لاباز",
    "la paz department (honduras)": "إدارة لا باز",
    "la rioja (spain)": "منطقة لا ريوخا",
    "la rioja province, argentina": "محافظة لا ريوخا",
    "la romana province": "محافظة لا رومانا",
    "la vega province": "مقاطعة لا فيغا",
    "labuan": "لابوان",
    "lachin district": "مقاطعة لاتشين",
    "laconia": "لاكونيا",
    "laghman province": "ولاية لغمان",
    "lagos state": "ولاية لاغوس",
    "laguna (province)": "لاغونا",
    "lahij governorate": "محافظة لحج",
    "lai chau province": "محافظة لا تشاو",
    "lakes (state)": "ولاية البحيرات",
    "lam dong province": "محافظة لام دونغ",
    "lampang province": "لامبانغ (محافظة)",
    "lamphun province": "محافظة لامفون",
    "lang son province": "محافظة لانغ سون",
    "languedoc-roussillon": "لنكدوك-روسيون",
    "lankaran district": "مقاطعة لانكران",
    "lapland (finland)": "لابلاند",
    "lara (state)": "لارا",
    "lasithi": "لاسيثي",
    "latakia governorate": "محافظة اللاذقية",
    "lautém district": "بلدية لوتيم",
    "lavalleja department": "إدارة لافاليخا",
    "lefkada (regional unit)": "ليفكاذا (مقاطعة)",
    "lempira department": "إدارة ليمبيرا",
    "lerik district": "مقاطعة ليريك",
    "leyte (province)": "مقاطعة ليتة",
    "liaoning": "لياونينغ",
    "lija": "ليا",
    "lika-senj county": "مقاطعة ليكا سني",
    "likouala department": "إدارة ليكوالا",
    "limburg (netherlands)": "ليمبورغ (هولندا)",
    "limousin": "ليموزان",
    "limpopo": "ليمبوبو",
    "limón province": "ليمون (محافظة)",
    "liquiçá district": "مقاطعة ليكويتشيا",
    "littoral department": "الإدارة الساحلية",
    "littoral region (cameroon)": "ليتورال",
    "loei province": "محافظة لويي",
    "lofa county": "مقاطعة لوفا",
    "logar province": "ولاية لوكر",
    "long island, bahamas": "جزيرة لونغ",
    "lopburi province": "محافظة لوبوري",
    "lorestan province": "محافظة لرستان",
    "los lagos region": "إقليم لوس لاغوس",
    "los ríos region": "إقليم لوس ريوس",
    "louga region": "إقليم لوغا",
    "lower normandy": "باس نورماندي",
    "lower shebelle": "شبيلا السفلى",
    "luqa": "لوقا",
    "lääne county": "مقاطعة لانا",
    "lääne-viru county": "مقاطعة لين-فيرو",
    "lékoumou department": "إدارة ليكومو",
    "ma'rib governorate": "محافظة مأرب",
    "ma'rib": "مأرب",
    "madaba governorate": "محافظة مادبا",
    "madriz department": "إدارة مدريز",
    "mae hong son province": "محافظة ماي هونغ سون",
    "magallanes y la antártica chilena region": "إقليم ماجلان",
    "magway region": "إقليم ماغواي",
    "maha sarakham province": "محافظة ماها ساراخام",
    "mahdia governorate": "ولاية المهدية",
    "maidan wardak province": "ولاية وردك",
    "makamba province": "محافظة ماكامبا",
    "makkah province": "منطقة مكة المكرمة",
    "malatya province": "محافظة ملطية",
    "maldonado department": "إدارة مالدونادو",
    "mamou region": "مقاطعة مامو",
    "mamuret-ul-aziz vilayet": "ولاية معمورة العزيز",
    "managua department": "إدارة ماناغوا",
    "manastir vilayet": "ولاية مناستر",
    "manatuto district": "مقاطعة ماناتوتو",
    "manawatu-wanganui": "ماناواتو - وانجانوي",
    "mandalay region": "إقليم ماندالاي",
    "manica province": "محافظة مانيكا",
    "manicaland province": "محافظة مانيكالاند",
    "manisa province": "محافظة مانيسا",
    "manufahi district": "بلدية مانوفاهي",
    "mardin province": "محافظة ماردين",
    "margibi county": "مقاطعة مارجيبي",
    "margraves of meissen": "مارغريفات مايسن",
    "mari el": "ماري إل",
    "marib": "مأرب",
    "marijampolė county": "مقاطعة ماريامبوله",
    "markazi province": "محافظة مركزي",
    "marlborough region": "إقليم مارلبورو",
    "marsaskala": "مارساسكالا",
    "marsaxlokk": "مارساكسلوخك",
    "mary province": "محافظة ماري",
    "maryland county": "مقاطعة ماريلاند",
    "maría trinidad sánchez province": "محافظة ماريا ترينيداد سانشيز",
    "masaya department": "إدارة مسايا",
    "mashonaland central province": "مقاطعة ماشونالاند الوسطى",
    "mashonaland east province": "محافظة شرق ماشونالاند",
    "mashonaland west province": "محافظة ماشونالاند الغربية",
    "matabeleland north province": "محافظة شمال ماتابيليلاند",
    "matabeleland south province": "مقاطعة جنوب ماتابيليلاند",
    "matagalpa department": "إدارة ماتاغالبا",
    "matam region": "ماتام",
    "mazandaran province": "محافظة مازندران",
    "mecklenburg-vorpommern": "مكلنبورغ فوربومرن",
    "mehedinți county": "مقاطعة ميهيدينتي",
    "melaka": "ملقا",
    "mendoza province": "محافظة مندوزا",
    "mersin province": "محافظة مرسين",
    "middle shebelle": "شبيلا الوسطى",
    "midi-pyrénées": "ميدي بيرينه",
    "midlands province": "محافظة ميدلاندز",
    "minsk region": "إقليم مينسك",
    "miranda (state)": "ميراندا",
    "misiones department": "ميسيونيس",
    "misiones province": "محافظة ميسيونس",
    "mjini magharibi region": "زنجبار الحضرية / المقاطعة الغربية",
    "monaco-ville": "موناكو فيل",
    "monastir governorate": "ولاية المنستير",
    "mondulkiri province": "محافظة موندولكيري",
    "mono department": "إدارة مونو",
    "monseñor nouel province": "مقاطعة مونسينور نويل",
    "monte cristi province": "محافظة مونتي كريستي",
    "monte plata province": "محافظة مونتي بلاتا",
    "montegiardino": "مونتيجاردينو",
    "montevideo department": "إدارة مونتيفيديو",
    "montserrado county": "مقاطعة مونتسرادو",
    "mopti region": "إقليم موبتي",
    "morazán department": "إدارة مورازان",
    "mordovia": "موردوفيا",
    "mountain province": "مقاطعة ماونتين",
    "mqabba": "مقابا",
    "msida": "مسيدا",
    "mtskheta-mtianeti": "متسخيتا-متيانيتي",
    "mudug": "مدج",
    "mukdahan province": "محافظة موكداهان",
    "municipality of ajdovščina": "بلدية آيدوشتشينا",
    "municipality of beltinci": "بلدية بيلتينتسي",
    "municipality of benedikt": "بلدية بينيديكت",
    "municipality of bled": "بلدية بليد",
    "municipality of bloke": "بلدية بلوك",
    "municipality of bohinj": "بلدية بوهيني",
    "municipality of borovnica": "بلدية بوروفنيكا",
    "municipality of bovec": "بلدية بوفيتش",
    "municipality of braslovče": "بلدية براسلوفتشه",
    "municipality of brda": "بلدية بردا",
    "municipality of brezovica": "بلدية بريزوفيتسا",
    "municipality of brežice": "بلدية بريجيتسه",
    "municipality of cankova": "بلدية كانكوفا",
    "municipality of cerknica": "بلدية تسركنيتسا",
    "municipality of cerkno": "بلدية تسيركنو",
    "municipality of divača": "بلدية ديفاتشا",
    "municipality of dobrepolje": "بلدية دوبريبوليه",
    "municipality of dobrova–polhov gradec": "بلدية دوبروفا بولهوف غرادك",
    "municipality of dravograd": "بلدية درافوغراد",
    "municipality of gorenja vas–poljane": "بلدية غورينيا فاس بوليان",
    "municipality of gorišnica": "بلدية غوريشنيكا",
    "municipality of gornji grad": "بلدية غورني غراد",
    "municipality of gornji petrovci": "بلدية غورني بيتروفتسي",
    "municipality of grad": "بلدية غراد",
    "municipality of grosuplje": "بلدية غروسوبلي",
    "municipality of hajdina": "بلدية هايدينا",
    "municipality of hodoš": "بلدية هودوش",
    "municipality of hoče–slivnica": "بلدية هوتشه-سليفنيكا",
    "municipality of hrastnik": "بلدية هراستنيك",
    "municipality of hrpelje-kozina": "بلدية هربيليه - كوزينا",
    "municipality of idrija": "إيدرييا",
    "municipality of ig": "بلدية إيغ",
    "municipality of ilirska bistrica": "إيليرسكا بيتريسا",
    "municipality of ivančna gorica": "بلدية إيفانتسا غوريكا",
    "municipality of jesenice": "بلدية يسينيتسه",
    "municipality of jezersko": "بلدية جيزرسكو",
    "municipality of kamnik": "بلدية كامنيك",
    "municipality of kobarid": "بلدية كوباريد",
    "municipality of komen": "بلدية كومين",
    "municipality of kostel": "بلدية كوستيل",
    "municipality of kranjska gora": "بلدية كرانجسكا غورا",
    "municipality of krško": "بلدية كرشكو",
    "municipality of laško": "بلدية لاشكو",
    "municipality of logatec": "بلدية لوغاتيتس",
    "municipality of loška dolina": "بلدية لوتسكا دولينا",
    "municipality of lukovica": "بلدية لوكوفيتسا",
    "municipality of luče": "بلدية لوتشه",
    "municipality of majšperk": "بلدية ماجتشيرك",
    "municipality of medvode": "مدفودي",
    "municipality of miren-kostanjevica": "بلدية ميرين-كوسفانيفيتسا",
    "municipality of moravske toplice": "بلدية مورافسك توبليس",
    "municipality of moravče": "مورافسكه (مورافسكه)",
    "municipality of muta": "بلدية موتا",
    "municipality of naklo": "بلدية ناكلو",
    "municipality of nazarje": "بلدية نازارج",
    "municipality of pesnica": "بلدية بيسنيسكا",
    "municipality of pivka": "بلدية بيفكا",
    "municipality of postojna": "بلدية بوستوينا",
    "municipality of prebold": "بلدية بريبولد",
    "municipality of preddvor": "بلدية بريدفور",
    "municipality of radovljica": "بلدية رادوفلييكا",
    "municipality of ribnica": "بلدية ريبنيتسا",
    "municipality of rogatec": "بلدية روجاتيك",
    "municipality of ruše": "بلدية روشه",
    "municipality of sevnica": "بلدية سيفتيتسا",
    "municipality of sežana": "بلدية سيجانا",
    "municipality of slovenska bistrica": "سلوفينيسكا بيستريسا",
    "municipality of sveti andraž v slovenskih goricah": "بلدية سفيتي أندراش في سلوفينسكيخ غوريتساخ",
    "municipality of tolmin": "بلدية تولمين",
    "municipality of trebnje": "بلدية تريبنيه",
    "municipality of velike lašče": "بلدية فيليك لاستش",
    "municipality of veržej": "بلدية فيرزي",
    "municipality of vipava": "بلدية فيبافا",
    "municipality of vrhnika": "بلدية فورنيكا",
    "municipality of črnomelj": "بلدية كموميليه",
    "municipality of šempeter-vrtojba": "بلدية شيمبيتر - فرتويبا",
    "municipality of šentjur": "بلدية شينتيور",
    "municipality of šenčur": "بلدية شينتشور",
    "municipality of škofja loka": "بلدية شكوفيا لوكا",
    "municipality of šoštanj": "بلدية شوشتاني",
    "municipality of žalec": "جاليتس",
    "munxar": "مونكسار",
    "muramvya province": "محافظة مورامفيا",
    "mureș county": "مقاطعة موريس",
    "muyinga province": "محافظة موينغا",
    "mwaro province": "محافظة موارو",
    "møre og romsdal": "موره ورومسدال",
    "nadur": "بلدة نادور",
    "najran province": "منطقة نجران",
    "nakhon nayok province": "محافظة ناخون نايوك",
    "nakhon pathom province": "محافظة ناخون باتوم",
    "nakhon phanom province": "محافظة ناخون فانوم",
    "nakhon ratchasima province": "محافظة ناخون راتشاسيما",
    "nakhon sawan province": "محافظة ناخون ساوان",
    "nakhon si thammarat province": "محافظة ناخون سي تاممارات",
    "nam dinh province": "محافظة نام دنه",
    "nampula province": "محافظة نامبولا",
    "nan province": "محافظة نان",
    "nangarhar province": "ولاية ننكرهار",
    "narathiwat province": "محافظة ناراتيوات",
    "neftchala district": "مقاطعة نيفتشالا",
    "neuquén province": "محافظة نيوكوين",
    "nghe an province": "محافظة ني أن",
    "ngozi province": "مقاطعة نغوزي",
    "niari department": "إدارة نياري",
    "niassa province": "محافظة نياسا",
    "nimruz province": "ولاية نيمروز",
    "ningxia": "نينغشيا",
    "ninh binh province": "مقاطعة ننه بنه",
    "ninh thuan province": "محافظة ننه توان",
    "nippes": "نيبيس (إدارة)",
    "nitra region": "إقليم نيترا",
    "nong bua lamphu province": "محافظة نونغ بوا لامفو",
    "nong khai province": "محافظة نونغ خاي",
    "nonthaburi province": "محافظة نونثابوري",
    "nord (haitian department)": "الإدارة الشمالية (هايتي)",
    "nord region (burkina faso)": "الشمالي",
    "nord-est (department)": "إدارة الشمال شرقية (هايتي)",
    "nord-ouest (department)": "إدارة الشمال غربية (هايتي)",
    "nord-pas-de-calais": "نور با دو كاليه",
    "nord-trøndelag": "نورد تروندلاغ",
    "nordland": "نوردلاند",
    "normandy": "نورمندي",
    "north aegean": "شمال إيجة",
    "north chungcheong province": "مقاطعة تشنغتشونغ الشمالية",
    "north gyeongsang province": "مقاطعة غيونغسانغ الشمالية",
    "north hwanghae": "هوانغهاي الشمالية",
    "north jeolla province": "مقاطعة جولا الشمالية",
    "north karelia": "كاريليا الشمالية",
    "north khorasan province": "محافظة خراسان الشمالية",
    "north ossetia-alania": "أوسيتيا الشمالية - ألانيا",
    "north pyongan": "مقاطعة بيونغان الشمالية",
    "north-east district (botswana)": "مقاطعة الشمال الشرقي",
    "north-west district (botswana)": "مقاطغة شمال غرب",
    "northern (state)": "ولاية الشمالية",
    "northern borders province": "منطقة الحدود الشمالية",
    "northern district (israel)": "المنطقة الشمالية (إسرائيل)",
    "northern ostrobothnia": "بوهيانما الشمالية",
    "northern province, sierra leone": "المحافظة الشمالية",
    "northern red sea region": "إقليم البحر الأحمر الشمالي",
    "northern savonia": "سافو الشمالية",
    "northern territory": "الإقليم الشمالي",
    "northland region": "مقاطعة نورثلاند",
    "northwest region (cameroon)": "إقليم الشمال الغربي",
    "northwest territories": "الأقاليم الشمالية الغربية",
    "nouvelle-aquitaine": "آكيتين الجديدة",
    "nueva segovia department": "إدارة نويفا سيغوفيا",
    "nugal, somalia": "نوجال",
    "nunavut": "نونافوت",
    "nuristan province": "ولاية نورستان",
    "nzérékoré region": "إقليم نزيريكوري",
    "nógrád county": "مقاطعة نوغراد",
    "o'higgins region": "إقليم أوهيغينز",
    "occitanie": "الأوكيتانية",
    "ocotepeque department": "إدارة أوكوتيبيك",
    "odessa oblast": "أوبلاست أوديسا",
    "oecusse district": "بلدية أويكيوس",
    "oghuz district": "مقاطعة أغوز",
    "oio region": "إقليم أويو",
    "olaine municipality": "بلدية أولاين",
    "olancho department": "إدارة أولانشو",
    "olt county": "مقاطعة أولت",
    "oppland": "أوبلاند (النرويج)",
    "orange walk district": "مقاطعة اورانج ووك",
    "ordubad district": "مقاطعة أوردوباد",
    "oriental (morocco)": "جهة الشرق",
    "orkhon province": "محافظة أورخون",
    "oruro department": "إدارة أورورو",
    "osaka prefecture": "محافظة أوساكا",
    "osmaniye province": "محافظة عثمانية",
    "ouémé department": "مقاطعة أويميه",
    "ozolnieki municipality": "بلدية أوزولنيكي",
    "pailin province": "مقاطعة بايلين",
    "paktia province": "ولاية بكتيا",
    "paktika province": "ولاية بكتيكا",
    "pando department": "إدارة باندو",
    "panevėžys county": "مقاطعة بانيفيزيس",
    "panjshir province": "ولاية بنجشير",
    "paraná (state)": "ولاية بارانا",
    "parwan province": "ولاية بروان",
    "pathum thani province": "محافظة باثوم ثاني",
    "paul, cape verde": "بول",
    "paysandú department": "إدارة بايساندو",
    "peleliu": "بيليليو",
    "pemba north region": "إقليم شمال بيمبا",
    "pemba south region": "إقليم جنوب بيمبا",
    "pembroke, malta": "بيمبروك",
    "penama province": "مقاطعة بيناما",
    "peravia province": "محافظة بيرافيا",
    "pest county": "مقاطعة بشت",
    "phang nga province": "محافظة فانغ نغا",
    "phatthalung province": "محافظة فاتالونغ",
    "phayao province": "محافظة فاياو",
    "phetchabun province": "محافظة فيتشابون",
    "phetchaburi province": "محافظة براتشينبوري",
    "phichit province": "محافظة فيتشيت",
    "phitsanulok province": "محافظة فيتسانولوك",
    "phra nakhon si ayutthaya province": "محافظة فرا ناخون سي أيوتثايا",
    "phrae province": "محافظة فراي",
    "phthiotis": "فثيوتيس",
    "phu tho province": "محافظة فو تاه",
    "phu yen province": "محافظة فو أين",
    "phuket province": "جزيرة بوكيت",
    "picardy": "بيكاردي",
    "pieria (regional unit)": "بيريا (إقليم يوناني)",
    "pirkanmaa": "بيركنما",
    "plateau department": "إدارة بلاتو",
    "plateau-central region": "الهضبة الوسطى",
    "plateaux department (republic of congo)": "إدارة بلاتيوكس",
    "poitou-charentes": "بواتو شارنت",
    "poltava oblast": "بولتافا أوبلاست",
    "pomeroon-supenaam": "بوميرون-سوبنام",
    "pool department": "إدارة بول",
    "potaro-siparuni": "بوتارو-سيباروني",
    "potosí department": "إدارة بوتوسي",
    "prachinburi province": "محافظة براشينبوري",
    "prachuap khiri khan province": "محافظة براتشواب خيري خان",
    "prahova county": "مقاطعة يراهوفا",
    "preah vihear province": "محافظة برياه فيهير",
    "presidente hayes department": "بريزيدنت هايز",
    "prey veng province": "مقاطعة بري فنغ",
    "prešov region": "إقليم بريشوف",
    "primorje-gorski kotar county": "مقاطعة بريموريه-غورسكي كوتار",
    "puerto plata province": "محافظة بويرتو بلاتا",
    "punjab, india": "بنجاب (الهند)",
    "punjab, pakistan": "البنجاب (باكستان)",
    "pursat province": "محافظة بورسات",
    "päijänne tavastia": "بايات هامي",
    "pärnu county": "مقاطعة بارنو",
    "põlva county": "مقاطعة بولفا",
    "qabala district": "مقاطعة غابالا",
    "qakh district": "مقاطعة قاخ",
    "qala, malta": "قالا (مالطا)",
    "qazvin province": "محافظة قزوين",
    "qinghai": "تشينغهاي",
    "qom province": "محافظة قم",
    "qrendi": "كريندي",
    "quang binh province": "مقاطعة كوانج بنه",
    "quang nam province": "كوانغ نام",
    "quang ngai province": "محافظة كوانغ ناي",
    "quang ninh province": "محافظة كوانغ ننه",
    "quang tri province": "مقاطعة كوانج تري",
    "quinara region": "إقليم كوينارا",
    "quneitra governorate": "محافظة القنيطرة",
    "qusar district": "مقاطعة كوسار",
    "racha-lechkhumi and kvemo svaneti": "راتشا-ليخخومي وكفيمو سفانيتي",
    "ranong province": "محافظة رانونغ",
    "rapla county": "مقاطعة رابلا",
    "raqqa governorate": "محافظة الرقة",
    "ratanakiri province": "محافظة راتاناكيري",
    "ratchaburi province": "محافظة راتشابوري",
    "rayong province": "محافظة رايونغ",
    "razavi khorasan province": "محافظة خراسان رضوي",
    "red sea (state)": "ولاية البحر الأحمر",
    "republika srpska": "جمهورية صرب البوسنة",
    "rhône-alpes": "رون ألب",
    "riau islands": "جزر رياو",
    "rif dimashq governorate": "محافظة ريف دمشق",
    "rio de janeiro (state)": "ولاية ريو دي جانيرو",
    "river gee county": "مقاطعة ريفر جي",
    "river nile (state)": "ولاية نهر النيل",
    "rivera department": "إدارة ريفيرا",
    "rivercess county": "مقاطعة ريفرسيس",
    "riyadh province": "منطقة الرياض",
    "rize province": "محافظة ريزه",
    "rocha department": "إدارة روتشا",
    "rogaland": "روغالاند",
    "roi et province": "محافظة روي إت",
    "ropaži municipality": "بلدية روباجي",
    "rutana province": "مقاطعة روتانا",
    "ruyigi province": "محافظة روييغي",
    "río negro department": "إدارة ريو نيغرو",
    "río negro province": "محافظة ريو نيغرو",
    "sa kaeo province": "محافظة سا كايو",
    "saatly district": "مقاطعة ساتلي",
    "sadarak district": "مقاطعة ساداراك",
    "safi, malta": "سافي",
    "sagaing region": "إقليم ساجينغ",
    "sahel region": "الساحل",
    "saint andrew parish, dominica": "أبرشية سانت أندرو",
    "saint andrew, barbados": "سانت أندرو",
    "saint david parish, dominica": "أبرشية القديس ديفيد",
    "saint george parish, dominica": "ابرشية القديس جورج",
    "saint george, barbados": "سانت جورج (بربادوس)",
    "saint james, barbados": "سانت جيمس (بربادوس)",
    "saint john parish, dominica": "أبرشية القديس جون",
    "saint john, barbados": "سانت جون (بربادوس)",
    "saint joseph parish, dominica": "أبرشية القديس جوزيف",
    "saint joseph, barbados": "سانت جوزيف (بربادوس)",
    "saint lucy, barbados": "سانت لوسي",
    "saint luke parish, dominica": "أبرشية سانت لوك (دومينيكا)",
    "saint mark parish, dominica": "أبرشية القديس مارك",
    "saint michael, barbados": "سانت مايكل (بربادوس)",
    "saint patrick parish, dominica": "أبرشية القديس باتريك",
    "saint peter parish, dominica": "أبرشية القديس بيتر",
    "saint peter, barbados": "سانت بيتر (بربادوس)",
    "saint philip, barbados": "سانت فيليب (بربادوس)",
    "saint thomas, barbados": "سانت توماس (بربادوس)",
    "saint-louis region": "إقليم سانت لويس",
    "sakon nakhon province": "محافظة ساكون ناخون",
    "salonica vilayet": "ولاية سالونيك",
    "salta province": "محافظة سالتا",
    "salto department": "إدارة سالتو",
    "salyan district (azerbaijan)": "مقاطعة ساليان",
    "samangan province": "ولاية سمنكان",
    "samaná province": "محافظة سامانا",
    "samegrelo-zemo svaneti": "سامغريلو زيمو سفانيتي",
    "samtskhe-javakheti": "سامتسخه-جافاخيتي",
    "samut prakan province": "محافظة ساموت براكان",
    "samut sakhon province": "محافظة ساموت ساخون",
    "samut songkhram province": "محافظة ساموت سونغخرام",
    "san cristóbal province": "محافظة سان كريستوبال",
    "san josé de ocoa province": "مقاطعة سان خوسيه دي أوكوا",
    "san josé province": "محافظة سان خوسيه",
    "san juan province (dominican republic)": "محافظة سان خوان",
    "san juan province, argentina": "سان خوان (محافظة)",
    "san lawrenz": "سانت لورانس",
    "san luis province": "محافظة سان لويس",
    "san miguel department (el salvador)": "إدارة سان ميغيل",
    "san pedro de macorís province": "سان بيدرو دي ماكوريس",
    "san salvador department": "إدارة سان سلفادور",
    "san vicente department": "إدارة سان فيسينتي",
    "sana'a governorate": "محافظة صنعاء",
    "sangha department (republic of congo)": "إدارة سانغا",
    "sannat": "سانات",
    "santa ana department": "إدارة سانتا آنا",
    "santa bárbara department": "إدارة سانتا باربرا",
    "santa catarina (state)": "ولاية سانتا كاتارينا",
    "santa catarina, cape verde": "سانتا كاتارينا",
    "santa cruz department (bolivia)": "إدارة سانتا كروز",
    "santa cruz province, argentina": "محافظة سانتا كروز (الأرجنتين)",
    "santa cruz, cape verde": "سانتا كروز",
    "santa fe province": "محافظة سانتا في",
    "santa luċija": "سانتا لوزيجا",
    "santa rosa department, guatemala": "إدارة سانتا روزا",
    "santa venera": "سانتا فينيرا",
    "santander department": "إدارة سانتاندير",
    "santiago del estero province": "محافظة سانتياغو ديل استيرو",
    "santiago province (dominican republic)": "مقاطعة سانتياغو",
    "santiago rodríguez province": "مقاطعة سانتياغو رودريغيز",
    "santo domingo province": "محافظة سانتو دومينغو",
    "sar-e pol province": "ولاية سربل",
    "saraburi province": "محافظة سارابوري",
    "saskatchewan": "ساسكاتشوان",
    "satakunta": "ستاكونتا",
    "satu mare county": "مقاطعة ساتو ماري",
    "satun province": "محافظة ساتون",
    "selenge province": "محافظة سيلنج",
    "semnan province": "محافظة سمنان",
    "sennar (state)": "ولاية سنار",
    "shaanxi": "شنشي",
    "shabran district": "مقاطعة شابران",
    "shakhbuz district": "مقاطعة شهبوز",
    "shaki district": "مقاطعة شاكي",
    "shanxi": "شانشي",
    "shida kartli": "شيدا كارتلي",
    "shusha district": "مقاطعة شوشا",
    "sibiu county": "مقاطعة سيبيو",
    "sichuan": "سيتشوان",
    "sidi bouzid governorate": "ولاية سيدي بوزيد",
    "siem reap province": "محافظة سيم رياب",
    "sigulda municipality": "بلدية سيغولدا",
    "sihanoukville": "سيهانوكفيل",
    "siirt province": "محافظة سعرد",
    "sikasso region": "منطقة سيكاسو",
    "sindh": "إقليم السند",
    "sing buri province": "محافظة سنغ بوري",
    "sinoe county": "مقاطعة سينو",
    "sisaket province": "محافظة سيساكت",
    "sistan and baluchestan province": "محافظة سيستان وبلوشستان",
    "sivas vilayet": "ولاية سيواس",
    "siġġiewi": "بلدية سيقيوي",
    "soc trang province": "مقاطعة سك ترانج",
    "sofala province": "مقاطعة سوفالا",
    "sogn og fjordane": "سوغن وفيوردانه",
    "somogy county": "مقاطعة شومود",
    "son la province": "مقاطعة سن لا",
    "songkhla province": "محافظة سونغكلا",
    "sonsonate department": "إدارة سونسونات",
    "soriano department": "إدارة سوريانو",
    "souss-massa-drâa": "جهة سوس ماسة درعة",
    "sousse governorate": "ولاية سوسة",
    "south bohemian region": "إقليم جنوب بوهيميا",
    "south chungcheong province": "مقاطعة تشنغتشونغ الجنوبية",
    "south dublin (county)": "جنوب دبلن",
    "south gyeongsang province": "مقاطعة غيونغسانغ الجنوبية",
    "south hwanghae": "جنوب مقاطعة هوانغاي",
    "south jeolla province": "مقاطعة جولا الجنوبية",
    "south kalimantan": "كليمنتان الجنوبية",
    "south karelia": "كاريليا الجنوبية",
    "south khorasan province": "محافظة خراسان الجنوبية",
    "south region (cameroon)": "الإقليم الجنوبي (الكاميرون)",
    "south-east district (botswana)": "المقاطعة الجنوب شرقية",
    "southern district (botswana)": "المقاطعة الجنوبية",
    "southern district (israel)": "المنطقة الجنوبية (إسرائيل)",
    "southern ostrobothnia": "بوهيانما الجنوبية",
    "southern province, sierra leone": "المحافظة الجنوبية",
    "southern red sea region": "إقليم البحر الأحمر الجنوبي",
    "southern region (eritrea)": "منطقة الجنوب",
    "southern savonia": "سافو الجنوبية",
    "southland, new zealand": "إقليم سوثلاند",
    "southwest finland": "فارسينايس سوومي",
    "southwest region (cameroon)": "جنوب غرب",
    "split-dalmatia county": "مقاطعة سبليت-دالماسيا",
    "st. julian's": "سانت جوليان",
    "stann creek district": "مقاطعة ستان كريك",
    "state of mexico": "ولاية مكسيكو",
    "stopiņi municipality": "بلدية ستوبيني",
    "stung treng province": "محافظة ستونغ ترينغ",
    "suceava county": "إقليم سوتشيافا",
    "sucre (state)": "ولاية سوكري",
    "sud (department)": "الإدارة الجنوبية (هايتي)",
    "sud-est (department)": "إدارة الجنوب شرقية (هايتي)",
    "sughd province": "ولاية صغد",
    "sukhothai province": "محافظة سوكوتاي",
    "suphan buri province": "محافظة سوفانبوري",
    "surat thani province": "محافظة سورات ثاني",
    "surin province": "محافظة سورين",
    "svay rieng province": "مقاطعة سفاي رينغ",
    "szabolcs-szatmár-bereg county": "مقاطعة زابولكس-زاتمار-بيريج",
    "sánchez ramírez province": "محافظة سانشيز راميريز",
    "são paulo (state)": "ولاية ساو باولو",
    "são salvador do mundo, cape verde": "ساو سلفادور دو موندو",
    "são tomé province": "محافظات ساو تومي وبرينسيب",
    "são vicente municipality": "ساو فيسنتي",
    "sédhiou region": "سيدهيو",
    "ségou region": "منطقة سيغو",
    "sør-trøndelag": "سور تروندلاغ",
    "sükhbaatar province": "محافظة سوخباتار",
    "sălaj county": "مقاطعة سالاج",
    "ta' xbiex": "تا إزبيكس",
    "tabuk province": "منطقة تبوك",
    "tacuarembó department": "إدارة تاكواريمبو",
    "tafea province": "مقاطعة تافيا",
    "tafilah governorate": "محافظة الطفيلة",
    "taiz governorate": "محافظة تعز",
    "tak province": "محافظة تاك",
    "takhar province": "ولاية تخار",
    "takéo province": "محافظة تاكو",
    "tanger-tetouan": "جهة طنجة تطوان",
    "tanger-tetouan-al hoceima": "جهة طنجة تطوان الحسيمة",
    "tanintharyi region": "اقليم تانينثاري",
    "taranaki": "إقليم تاراناكي",
    "tarapacá region": "إقليم تاراباكا",
    "tarija department": "إدارة تاريا",
    "tartar district": "مقاطعة تارتار",
    "tartu county": "مقاطعة تارتو",
    "tartus governorate": "محافظة طرطوس",
    "tarxien": "تشرزين",
    "tasman district": "مقاطعة تاسمان",
    "tatarstan": "تتارستان",
    "tauragė county": "مقاطعة توراج",
    "tavastia proper": "كانتا هامي",
    "tay ninh province": "محافظة تاي ننه",
    "tehran province": "محافظة طهران",
    "tekirdağ province": "محافظة تكيرداغ",
    "tel aviv district": "منطقة تل أبيب",
    "telemark": "تلمارك",
    "teleorman county": "مقاطعة تيلورمان",
    "telšiai county": "مقاطعة تيلسياي",
    "temburong district": "مقاطعة تيمبورونغ",
    "tete province": "مقاطعة تيتي",
    "thai binh province": "محافظة تهاي بنه",
    "thai nguyen province": "مقاطعة ثاي نجوين",
    "thanh hoa province": "محافظة تان هوا",
    "thiès region": "ثيس",
    "thua thien-hue province": "مقاطعة ثوا ثن هوي",
    "tierra del fuego province, argentina": "محافظة تييرا ديل فويغو (الأرجنتين)",
    "timiș county": "مقاطعة تيميش",
    "tokat province": "محافظة توقات",
    "toledo district": "مقاطعة توليدو",
    "tolna county": "مقاطعة تولنا",
    "tombali region": "إقليم تومبالي",
    "tombouctou region": "منطقة تمبكتو",
    "torba province": "محافظة توربا",
    "tovuz district": "مقاطعة توفوز",
    "tozeur governorate": "ولاية توزر",
    "tra vinh province": "مقاطعة ترا فنه",
    "trang province": "محافظة ترانغ",
    "trat province": "محافظة ترات",
    "trebizond vilayet": "ولاية طرابزون",
    "treinta y tres department": "إدارة ترينتا ذا تريس",
    "trentino-alto adige/südtirol": "ترينتينو ألتو أديجي",
    "trenčín region": "إقليم ترنتشين",
    "trnava region": "إقليم ترنافا",
    "troms": "ترومس",
    "trujillo (state)": "تروخيو",
    "tucumán province": "محافظة توكومان",
    "tulcea county": "مقاطعة تولسيا",
    "tunceli province": "محافظة تونجلي",
    "tunis governorate": "ولاية تونس",
    "tutong district": "مقاطعة توتونغ",
    "tuva": "توفا",
    "tuyen quang province": "مقاطعة توين كوانج",
    "tyrol (region)": "تيرول",
    "tyrol (state)": "تيرول (ولاية)",
    "töv province": "مقاطعة توف",
    "ubon ratchathani province": "محافظة أوبون راتشاثاني",
    "udmurtia": "أودمورتيا",
    "udon thani province": "محافظة ودون تاني",
    "ulsan": "ألسان",
    "unguja north region": "إقليم شمال زنجبار",
    "unity (state)": "ولاية الوحدة",
    "upper demerara-berbice": "أبر ديميرارا-بيربيس",
    "upper nile (state)": "ولاية أعالي النيل",
    "upper normandy": "نورماندي العليا",
    "upper takutu-upper essequibo": "أبر كاتوكو - أبر ايسيكوبيو",
    "uppsala county": "مقاطعة أوبسالا",
    "urozgan province": "ولاية أروزكان",
    "usulután department": "إدارة أوسولوتان",
    "utena county": "مقاطعة أوتينا",
    "uthai thani province": "محافظة يوثاي ثاني",
    "utrecht (province)": "مقاطعة أوترخت",
    "uttaradit province": "محافظة أوتاراديت",
    "uusimaa": "أوسيما",
    "uvs province": "مقاطعة أوفس",
    "valga county": "مقاطعة فالغا",
    "valle department": "إدارة فالي",
    "valverde province": "محافظة فالفيردي",
    "van province": "محافظة وان",
    "van vilayet": "ولاية وان",
    "vargas (state)": "فارغاس",
    "vas county": "مقاطعة فاس",
    "vest-agder": "فست أغدر",
    "vestfold": "فستفولد",
    "veszprém county": "مقاطعة فسبرم",
    "victoria, gozo": "الرباط",
    "viljandi county": "مقاطعة فيلياندي",
    "vilnius county": "مقاطعة فيلنيوس",
    "vinh long province": "مقاطعة فنه لونج",
    "vinh phuc province": "محافظة فين فوك",
    "vinica municipality, macedonia": "بلدية فينيتسا",
    "viqueque district": "بلدية فيكيك",
    "vitebsk region": "إقليم فيتبسك",
    "vâlcea county": "مقاطعة فالسيا",
    "võru county": "مقاطعة فورو",
    "waikato": "إقليم وايكاتو",
    "wallonia": "والونيا",
    "wellington region": "إقليم ويلينغتون",
    "west azerbaijan province": "محافظة أذربيجان الغربية",
    "west coast division (gambia)": "قسم الساحل الغربي",
    "west coast, new zealand": "إقليم الساحل الغربي",
    "west java": "جاوة الغربية",
    "west papua (province)": "بابوا الغربية",
    "west region (cameroon)": "الغرب",
    "western cape": "كيب الغربية",
    "white nile (state)": "ولاية النيل الأبيض",
    "xagħra": "بلدة زاجورا",
    "xgħajra": "زغواجرا",
    "xinjiang": "سنجان",
    "yala province": "محافظة يالا",
    "yangon region": "إقليم يانغون",
    "yaren district": "ضاحية يارين",
    "yasothon province": "محافظة ياسوثون",
    "yazd province": "محافظة يزد",
    "yen bai province": "مقاطعة وين باي",
    "yevlakh district": "مقاطعة يفلاخ",
    "yozgat province": "يوزغات (محافظة)",
    "yukon": "يوكون",
    "yunnan": "مقاطعة يونان",
    "zabul province": "ولاية زابل",
    "zala county": "مقاطعة زالا",
    "zambezi region": "اقليم زامبيزي",
    "zambezia province": "مقاطعة زامبيزيا",
    "zanjan province": "محافظة زنجان",
    "zanzan district": "إقليم زانزان",
    "zaporizhia oblast": "زابوروجييه أوبلاست",
    "zaqatala district": "مقاطعة زقاتالا",
    "zardab district": "مقاطعة زارداب",
    "zarqa governorate": "محافظة الزرقاء",
    "zavkhan province": "محافظة زافخان",
    "zawiya district": "المؤتمرات الشعبية بالزاوية",
    "zilupe municipality": "بلدية زيلوب",
    "zou department": "إدارة زو",
    "åland islands": "أولان",
    "çanakkale province": "محافظة جاناكالي",
    "çorum province": "محافظة جوروم",
    "équateur": "إكواتور",
    "ñeembucú department": "إدارة نيمبوكو",
    "ömnögovi province": "مقاطعة أومنوغوفي",
    "östergötland county": "مقاطعة أوسترغوتلاند",
    "övörkhangai province": "مقاطعة أوفوخاناجي",
    "østfold": "أوستفولد",
    "ādaži municipality": "بلدية آداجي",
    "ħamrun": "حمرون",
    "şanlıurfa province": "محافظة شانلي أورفة",
    "šiauliai county": "مقاطعة شياولياي",
    "žilina region": "إقليم جيلينا",
    "ǁkaras region": "إقليم كاراس"
}
